code,round_number,effort,fails,last_button,score,topic,signal,belief,certainty,type,rate,treatment,overconfident,underconfident,correct,misspecification
0zs7j0mw,1,2,9,2,16.0,Science and Technology,1,1,75,2,0,ego,0,1,0,under
0zs7j0mw,2,0,4,1,16.0,Science and Technology,6,1,75,2,0,ego,0,1,0,under
0zs7j0mw,3,1,7,2,16.0,Science and Technology,3,1,75,2,0,ego,0,1,0,under
0zs7j0mw,4,0,7,0,16.0,Science and Technology,3,1,75,2,0,ego,0,1,0,under
0zs7j0mw,5,0,8,1,16.0,Science and Technology,2,1,75,2,0,ego,0,1,0,under
0zs7j0mw,6,2,10,2,16.0,Science and Technology,0,1,75,2,0,ego,0,1,0,under
0zs7j0mw,7,1,5,1,16.0,Science and Technology,5,1,75,2,0,ego,0,1,0,under
0zs7j0mw,8,2,10,0,16.0,Science and Technology,0,1,75,2,0,ego,0,1,0,under
0zs7j0mw,9,0,6,1,16.0,Science and Technology,4,1,75,2,0,ego,0,1,0,under
0zs7j0mw,10,1,7,2,16.0,Science and Technology,3,1,75,2,0,ego,0,1,0,under
0zs7j0mw,11,0,6,1,16.0,Science and Technology,4,1,75,2,0,ego,0,1,0,under
13f4qqvo,1,1,9,2,13.0,Science and Technology,1,2,100,1,0,ego,1,0,0,over
13f4qqvo,2,1,7,1,13.0,Science and Technology,3,2,100,1,0,ego,1,0,0,over
13f4qqvo,3,1,7,1,13.0,Science and Technology,3,2,100,1,0,ego,1,0,0,over
13f4qqvo,4,0,7,2,13.0,Science and Technology,3,2,100,1,0,ego,1,0,0,over
13f4qqvo,5,0,8,1,13.0,Science and Technology,2,2,100,1,0,ego,1,0,0,over
13f4qqvo,6,0,2,0,13.0,Science and Technology,8,2,100,1,0,ego,1,0,0,over
13f4qqvo,7,0,3,0,13.0,Science and Technology,7,2,100,1,0,ego,1,0,0,over
13f4qqvo,8,0,5,0,13.0,Science and Technology,5,2,100,1,0,ego,1,0,0,over
13f4qqvo,9,0,6,0,13.0,Science and Technology,4,2,100,1,0,ego,1,0,0,over
13f4qqvo,10,0,8,1,13.0,Science and Technology,2,2,100,1,0,ego,1,0,0,over
13f4qqvo,11,0,6,2,13.0,Science and Technology,4,2,100,1,0,ego,1,0,0,over
1c7v4nh9,1,2,9,1,14.0,Science and Technology,1,1,75,1,0,ego,0,0,1,correct
1c7v4nh9,2,2,8,1,14.0,Science and Technology,2,1,75,1,0,ego,0,0,1,correct
1c7v4nh9,3,1,7,1,14.0,Science and Technology,3,1,75,1,0,ego,0,0,1,correct
1c7v4nh9,4,1,6,1,14.0,Science and Technology,4,1,75,1,0,ego,0,0,1,correct
1c7v4nh9,5,1,8,1,14.0,Science and Technology,2,1,75,1,0,ego,0,0,1,correct
1c7v4nh9,6,0,2,1,14.0,Science and Technology,8,1,75,1,0,ego,0,0,1,correct
1c7v4nh9,7,0,3,1,14.0,Science and Technology,7,1,75,1,0,ego,0,0,1,correct
1c7v4nh9,8,0,5,1,14.0,Science and Technology,5,1,75,1,0,ego,0,0,1,correct
1c7v4nh9,9,0,6,1,14.0,Science and Technology,4,1,75,1,0,ego,0,0,1,correct
1c7v4nh9,10,1,7,1,14.0,Science and Technology,3,1,75,1,0,ego,0,0,1,correct
1c7v4nh9,11,1,8,1,14.0,Science and Technology,2,1,75,1,0,ego,0,0,1,correct
28arcsnx,1,1,9,1,6.0,Science and Technology,1,1,50,1,0,ego,0,0,1,correct
28arcsnx,2,0,4,0,6.0,Science and Technology,6,1,50,1,0,ego,0,0,1,correct
28arcsnx,3,0,5,0,6.0,Science and Technology,5,1,50,1,0,ego,0,0,1,correct
28arcsnx,4,0,7,0,6.0,Science and Technology,3,1,50,1,0,ego,0,0,1,correct
28arcsnx,5,2,10,0,6.0,Science and Technology,0,1,50,1,0,ego,0,0,1,correct
28arcsnx,6,2,10,2,6.0,Science and Technology,0,1,50,1,0,ego,0,0,1,correct
28arcsnx,7,0,3,0,6.0,Science and Technology,7,1,50,1,0,ego,0,0,1,correct
28arcsnx,8,0,5,0,6.0,Science and Technology,5,1,50,1,0,ego,0,0,1,correct
28arcsnx,9,0,6,0,6.0,Science and Technology,4,1,50,1,0,ego,0,0,1,correct
28arcsnx,10,0,8,0,6.0,Science and Technology,2,1,50,1,0,ego,0,0,1,correct
28arcsnx,11,1,8,0,6.0,Science and Technology,2,1,50,1,0,ego,0,0,1,correct
49lqkk00,1,1,9,1,12.0,Science and Technology,1,1,75,1,0,ego,0,0,1,correct
49lqkk00,2,0,4,1,12.0,Science and Technology,6,1,75,1,0,ego,0,0,1,correct
49lqkk00,3,2,10,1,12.0,Science and Technology,0,1,75,1,0,ego,0,0,1,correct
49lqkk00,4,1,6,2,12.0,Science and Technology,4,1,75,1,0,ego,0,0,1,correct
49lqkk00,5,0,8,0,12.0,Science and Technology,2,1,75,1,0,ego,0,0,1,correct
49lqkk00,6,2,10,0,12.0,Science and Technology,0,1,75,1,0,ego,0,0,1,correct
49lqkk00,7,1,5,2,12.0,Science and Technology,5,1,75,1,0,ego,0,0,1,correct
49lqkk00,8,2,10,2,12.0,Science and Technology,0,1,75,1,0,ego,0,0,1,correct
49lqkk00,9,0,6,2,12.0,Science and Technology,4,1,75,1,0,ego,0,0,1,correct
49lqkk00,10,0,8,1,12.0,Science and Technology,2,1,75,1,0,ego,0,0,1,correct
49lqkk00,11,1,8,1,12.0,Science and Technology,2,1,75,1,0,ego,0,0,1,correct
72o8c5bk,1,1,9,2,8.0,Science and Technology,1,2,100,1,0,ego,1,0,0,over
72o8c5bk,2,0,4,1,8.0,Science and Technology,6,2,100,1,0,ego,1,0,0,over
72o8c5bk,3,2,10,1,8.0,Science and Technology,0,2,100,1,0,ego,1,0,0,over
72o8c5bk,4,1,6,0,8.0,Science and Technology,4,2,100,1,0,ego,1,0,0,over
72o8c5bk,5,2,10,0,8.0,Science and Technology,0,2,100,1,0,ego,1,0,0,over
72o8c5bk,6,0,2,0,8.0,Science and Technology,8,2,100,1,0,ego,1,0,0,over
72o8c5bk,7,1,5,2,8.0,Science and Technology,5,2,100,1,0,ego,1,0,0,over
72o8c5bk,8,2,10,2,8.0,Science and Technology,0,2,100,1,0,ego,1,0,0,over
72o8c5bk,9,0,6,2,8.0,Science and Technology,4,2,100,1,0,ego,1,0,0,over
72o8c5bk,10,0,8,2,8.0,Science and Technology,2,2,100,1,0,ego,1,0,0,over
72o8c5bk,11,0,6,2,8.0,Science and Technology,4,2,100,1,0,ego,1,0,0,over
78jeza78,1,2,10,0,4.0,Science and Technology,0,0,75,0,0,ego,0,0,1,correct
78jeza78,2,1,9,0,4.0,Science and Technology,1,0,75,0,0,ego,0,0,1,correct
78jeza78,3,0,9,0,4.0,Science and Technology,1,0,75,0,0,ego,0,0,1,correct
78jeza78,4,0,10,1,4.0,Science and Technology,0,0,75,0,0,ego,0,0,1,correct
78jeza78,5,0,6,0,4.0,Science and Technology,4,0,75,0,0,ego,0,0,1,correct
78jeza78,6,0,8,0,4.0,Science and Technology,2,0,75,0,0,ego,0,0,1,correct
78jeza78,7,0,7,0,4.0,Science and Technology,3,0,75,0,0,ego,0,0,1,correct
78jeza78,8,0,9,0,4.0,Science and Technology,1,0,75,0,0,ego,0,0,1,correct
78jeza78,9,0,9,0,4.0,Science and Technology,1,0,75,0,0,ego,0,0,1,correct
78jeza78,10,0,9,0,4.0,Science and Technology,1,0,75,0,0,ego,0,0,1,correct
78jeza78,11,0,7,1,4.0,Science and Technology,3,0,75,0,0,ego,0,0,1,correct
7ebbfqqg,1,2,9,2,13.0,Science and Technology,1,1,75,1,0,ego,0,0,1,correct
7ebbfqqg,2,0,4,1,13.0,Science and Technology,6,1,75,1,0,ego,0,0,1,correct
7ebbfqqg,3,0,5,1,13.0,Science and Technology,5,1,75,1,0,ego,0,0,1,correct
7ebbfqqg,4,1,6,1,13.0,Science and Technology,4,1,75,1,0,ego,0,0,1,correct
7ebbfqqg,5,0,8,1,13.0,Science and Technology,2,1,75,1,0,ego,0,0,1,correct
7ebbfqqg,6,0,2,1,13.0,Science and Technology,8,1,75,1,0,ego,0,0,1,correct
7ebbfqqg,7,1,5,2,13.0,Science and Technology,5,1,75,1,0,ego,0,0,1,correct
7ebbfqqg,8,0,5,1,13.0,Science and Technology,5,1,75,1,0,ego,0,0,1,correct
7ebbfqqg,9,0,6,1,13.0,Science and Technology,4,1,75,1,0,ego,0,0,1,correct
7ebbfqqg,10,0,8,1,13.0,Science and Technology,2,1,75,1,0,ego,0,0,1,correct
7ebbfqqg,11,0,6,1,13.0,Science and Technology,4,1,75,1,0,ego,0,0,1,correct
9rpnegmp,1,1,9,2,17.0,Science and Technology,1,2,100,2,0,ego,0,0,1,correct
9rpnegmp,2,0,4,2,17.0,Science and Technology,6,2,100,2,0,ego,0,0,1,correct
9rpnegmp,3,0,5,2,17.0,Science and Technology,5,2,100,2,0,ego,0,0,1,correct
9rpnegmp,4,0,7,2,17.0,Science and Technology,3,2,100,2,0,ego,0,0,1,correct
9rpnegmp,5,2,10,2,17.0,Science and Technology,0,2,100,2,0,ego,0,0,1,correct
9rpnegmp,6,2,10,2,17.0,Science and Technology,0,2,100,2,0,ego,0,0,1,correct
9rpnegmp,7,2,10,2,17.0,Science and Technology,0,2,100,2,0,ego,0,0,1,correct
9rpnegmp,8,1,6,2,17.0,Science and Technology,4,2,100,2,0,ego,0,0,1,correct
9rpnegmp,9,0,6,2,17.0,Science and Technology,4,2,100,2,0,ego,0,0,1,correct
9rpnegmp,10,0,8,2,17.0,Science and Technology,2,2,100,2,0,ego,0,0,1,correct
9rpnegmp,11,0,6,2,17.0,Science and Technology,4,2,100,2,0,ego,0,0,1,correct
9w15nflu,1,2,9,2,14.0,Science and Technology,1,1,75,1,0,ego,0,0,1,correct
9w15nflu,2,1,7,1,14.0,Science and Technology,3,1,75,1,0,ego,0,0,1,correct
9w15nflu,3,0,5,0,14.0,Science and Technology,5,1,75,1,0,ego,0,0,1,correct
9w15nflu,4,1,6,0,14.0,Science and Technology,4,1,75,1,0,ego,0,0,1,correct
9w15nflu,5,1,8,1,14.0,Science and Technology,2,1,75,1,0,ego,0,0,1,correct
9w15nflu,6,1,8,1,14.0,Science and Technology,2,1,75,1,0,ego,0,0,1,correct
9w15nflu,7,0,3,0,14.0,Science and Technology,7,1,75,1,0,ego,0,0,1,correct
9w15nflu,8,0,5,0,14.0,Science and Technology,5,1,75,1,0,ego,0,0,1,correct
9w15nflu,9,0,6,2,14.0,Science and Technology,4,1,75,1,0,ego,0,0,1,correct
9w15nflu,10,0,8,2,14.0,Science and Technology,2,1,75,1,0,ego,0,0,1,correct
9w15nflu,11,2,9,0,14.0,Science and Technology,1,1,75,1,0,ego,0,0,1,correct
bj048c8i,1,0,8,2,11.0,Science and Technology,2,1,75,1,0,ego,0,0,1,correct
bj048c8i,2,1,7,1,11.0,Science and Technology,3,1,75,1,0,ego,0,0,1,correct
bj048c8i,3,0,5,0,11.0,Science and Technology,5,1,75,1,0,ego,0,0,1,correct
bj048c8i,4,2,10,0,11.0,Science and Technology,0,1,75,1,0,ego,0,0,1,correct
bj048c8i,5,1,8,1,11.0,Science and Technology,2,1,75,1,0,ego,0,0,1,correct
bj048c8i,6,0,2,2,11.0,Science and Technology,8,1,75,1,0,ego,0,0,1,correct
bj048c8i,7,0,3,2,11.0,Science and Technology,7,1,75,1,0,ego,0,0,1,correct
bj048c8i,8,0,5,2,11.0,Science and Technology,5,1,75,1,0,ego,0,0,1,correct
bj048c8i,9,2,9,2,11.0,Science and Technology,1,1,75,1,0,ego,0,0,1,correct
bj048c8i,10,1,7,2,11.0,Science and Technology,3,1,75,1,0,ego,0,0,1,correct
bj048c8i,11,0,6,2,11.0,Science and Technology,4,1,75,1,0,ego,0,0,1,correct
d37p2ydy,1,1,9,1,7.0,Science and Technology,1,0,33,1,0,ego,0,1,0,under
d37p2ydy,2,1,7,0,7.0,Science and Technology,3,0,33,1,0,ego,0,1,0,under
d37p2ydy,3,2,10,0,7.0,Science and Technology,0,0,33,1,0,ego,0,1,0,under
d37p2ydy,4,0,7,0,7.0,Science and Technology,3,0,33,1,0,ego,0,1,0,under
d37p2ydy,5,0,8,0,7.0,Science and Technology,2,0,33,1,0,ego,0,1,0,under
d37p2ydy,6,1,8,0,7.0,Science and Technology,2,0,33,1,0,ego,0,1,0,under
d37p2ydy,7,1,5,0,7.0,Science and Technology,5,0,33,1,0,ego,0,1,0,under
d37p2ydy,8,1,6,0,7.0,Science and Technology,4,0,33,1,0,ego,0,1,0,under
d37p2ydy,9,1,5,0,7.0,Science and Technology,5,0,33,1,0,ego,0,1,0,under
d37p2ydy,10,1,7,0,7.0,Science and Technology,3,0,33,1,0,ego,0,1,0,under
d37p2ydy,11,1,8,0,7.0,Science and Technology,2,0,33,1,0,ego,0,1,0,under
dxfg6c2i,1,0,8,1,8.0,Science and Technology,2,1,50,1,0,ego,0,0,1,correct
dxfg6c2i,10,1,7,0,8.0,Science and Technology,3,1,50,1,0,ego,0,0,1,correct
dxfg6c2i,11,0,6,1,8.0,Science and Technology,4,1,50,1,0,ego,0,0,1,correct
dxfg6c2i,2,1,7,2,8.0,Science and Technology,3,1,50,1,0,ego,0,0,1,correct
dxfg6c2i,3,0,5,0,8.0,Science and Technology,5,1,50,1,0,ego,0,0,1,correct
dxfg6c2i,4,2,10,1,8.0,Science and Technology,0,1,50,1,0,ego,0,0,1,correct
dxfg6c2i,5,0,8,2,8.0,Science and Technology,2,1,50,1,0,ego,0,0,1,correct
dxfg6c2i,6,1,8,1,8.0,Science and Technology,2,1,50,1,0,ego,0,0,1,correct
dxfg6c2i,7,0,3,1,8.0,Science and Technology,7,1,50,1,0,ego,0,0,1,correct
dxfg6c2i,8,2,10,2,8.0,Science and Technology,0,1,50,1,0,ego,0,0,1,correct
dxfg6c2i,9,0,6,1,8.0,Science and Technology,4,1,50,1,0,ego,0,0,1,correct
hp19zqeh,1,2,9,2,7.0,Science and Technology,1,0,50,1,0,ego,0,1,0,under
hp19zqeh,2,1,7,2,7.0,Science and Technology,3,0,50,1,0,ego,0,1,0,under
hp19zqeh,3,1,7,2,7.0,Science and Technology,3,0,50,1,0,ego,0,1,0,under
hp19zqeh,4,2,10,2,7.0,Science and Technology,0,0,50,1,0,ego,0,1,0,under
hp19zqeh,5,0,8,2,7.0,Science and Technology,2,0,50,1,0,ego,0,1,0,under
hp19zqeh,6,2,10,2,7.0,Science and Technology,0,0,50,1,0,ego,0,1,0,under
hp19zqeh,7,0,3,0,7.0,Science and Technology,7,0,50,1,0,ego,0,1,0,under
hp19zqeh,8,0,5,0,7.0,Science and Technology,5,0,50,1,0,ego,0,1,0,under
hp19zqeh,9,0,6,0,7.0,Science and Technology,4,0,50,1,0,ego,0,1,0,under
hp19zqeh,10,0,8,0,7.0,Science and Technology,2,0,50,1,0,ego,0,1,0,under
hp19zqeh,11,2,9,0,7.0,Science and Technology,1,0,50,1,0,ego,0,1,0,under
inak0r18,1,0,8,2,9.0,Science and Technology,2,2,100,1,0,ego,1,0,0,over
inak0r18,10,2,10,1,9.0,Science and Technology,0,2,100,1,0,ego,1,0,0,over
inak0r18,11,1,8,2,9.0,Science and Technology,2,2,100,1,0,ego,1,0,0,over
inak0r18,2,1,7,1,9.0,Science and Technology,3,2,100,1,0,ego,1,0,0,over
inak0r18,3,0,5,0,9.0,Science and Technology,5,2,100,1,0,ego,1,0,0,over
inak0r18,4,0,7,0,9.0,Science and Technology,3,2,100,1,0,ego,1,0,0,over
inak0r18,5,0,8,2,9.0,Science and Technology,2,2,100,1,0,ego,1,0,0,over
inak0r18,6,1,8,1,9.0,Science and Technology,2,2,100,1,0,ego,1,0,0,over
inak0r18,7,0,3,1,9.0,Science and Technology,7,2,100,1,0,ego,1,0,0,over
inak0r18,8,2,10,0,9.0,Science and Technology,0,2,100,1,0,ego,1,0,0,over
inak0r18,9,2,9,0,9.0,Science and Technology,1,2,100,1,0,ego,1,0,0,over
j6ftwuzj,1,2,9,2,10.0,Science and Technology,1,0,33,1,0,ego,0,1,0,under
j6ftwuzj,2,1,7,1,10.0,Science and Technology,3,0,33,1,0,ego,0,1,0,under
j6ftwuzj,3,0,5,0,10.0,Science and Technology,5,0,33,1,0,ego,0,1,0,under
j6ftwuzj,4,2,10,0,10.0,Science and Technology,0,0,33,1,0,ego,0,1,0,under
j6ftwuzj,5,1,8,0,10.0,Science and Technology,2,0,33,1,0,ego,0,1,0,under
j6ftwuzj,6,0,2,0,10.0,Science and Technology,8,0,33,1,0,ego,0,1,0,under
j6ftwuzj,7,0,3,0,10.0,Science and Technology,7,0,33,1,0,ego,0,1,0,under
j6ftwuzj,8,0,5,0,10.0,Science and Technology,5,0,33,1,0,ego,0,1,0,under
j6ftwuzj,9,0,6,0,10.0,Science and Technology,4,0,33,1,0,ego,0,1,0,under
j6ftwuzj,10,0,8,0,10.0,Science and Technology,2,0,33,1,0,ego,0,1,0,under
j6ftwuzj,11,0,6,0,10.0,Science and Technology,4,0,33,1,0,ego,0,1,0,under
p1b4dbgv,1,0,9,2,5.0,Science and Technology,1,0,75,0,0,ego,0,0,1,correct
p1b4dbgv,2,1,9,2,5.0,Science and Technology,1,0,75,0,0,ego,0,0,1,correct
p1b4dbgv,3,2,9,2,5.0,Science and Technology,1,0,75,0,0,ego,0,0,1,correct
p1b4dbgv,4,0,10,1,5.0,Science and Technology,0,0,75,0,0,ego,0,0,1,correct
p1b4dbgv,5,1,10,1,5.0,Science and Technology,0,0,75,0,0,ego,0,0,1,correct
p1b4dbgv,6,2,10,1,5.0,Science and Technology,0,0,75,0,0,ego,0,0,1,correct
p1b4dbgv,7,0,7,0,5.0,Science and Technology,3,0,75,0,0,ego,0,0,1,correct
p1b4dbgv,8,1,9,0,5.0,Science and Technology,1,0,75,0,0,ego,0,0,1,correct
p1b4dbgv,9,2,10,0,5.0,Science and Technology,0,0,75,0,0,ego,0,0,1,correct
p1b4dbgv,10,0,9,1,5.0,Science and Technology,1,0,75,0,0,ego,0,0,1,correct
p1b4dbgv,11,1,9,1,5.0,Science and Technology,1,0,75,0,0,ego,0,0,1,correct
q9icrsb2,1,1,10,1,4.0,Science and Technology,0,0,50,0,0,ego,0,0,1,correct
q9icrsb2,2,0,9,0,4.0,Science and Technology,1,0,50,0,0,ego,0,0,1,correct
q9icrsb2,3,2,9,0,4.0,Science and Technology,1,0,50,0,0,ego,0,0,1,correct
q9icrsb2,4,1,10,0,4.0,Science and Technology,0,0,50,0,0,ego,0,0,1,correct
q9icrsb2,5,0,6,1,4.0,Science and Technology,4,0,50,0,0,ego,0,0,1,correct
q9icrsb2,6,0,8,1,4.0,Science and Technology,2,0,50,0,0,ego,0,0,1,correct
q9icrsb2,7,0,7,1,4.0,Science and Technology,3,0,50,0,0,ego,0,0,1,correct
q9icrsb2,8,0,9,2,4.0,Science and Technology,1,0,50,0,0,ego,0,0,1,correct
q9icrsb2,9,1,10,1,4.0,Science and Technology,0,0,50,0,0,ego,0,0,1,correct
q9icrsb2,10,0,9,1,4.0,Science and Technology,1,0,50,0,0,ego,0,0,1,correct
q9icrsb2,11,0,7,0,4.0,Science and Technology,3,0,50,0,0,ego,0,0,1,correct
szq917jn,1,0,9,0,5.0,Science and Technology,1,0,75,0,0,ego,0,0,1,correct
szq917jn,2,0,9,1,5.0,Science and Technology,1,0,75,0,0,ego,0,0,1,correct
szq917jn,3,0,9,2,5.0,Science and Technology,1,0,75,0,0,ego,0,0,1,correct
szq917jn,4,1,10,0,5.0,Science and Technology,0,0,75,0,0,ego,0,0,1,correct
szq917jn,5,2,10,1,5.0,Science and Technology,0,0,75,0,0,ego,0,0,1,correct
szq917jn,6,2,10,2,5.0,Science and Technology,0,0,75,0,0,ego,0,0,1,correct
szq917jn,7,1,10,2,5.0,Science and Technology,0,0,75,0,0,ego,0,0,1,correct
szq917jn,8,2,10,0,5.0,Science and Technology,0,0,75,0,0,ego,0,0,1,correct
szq917jn,9,1,10,0,5.0,Science and Technology,0,0,75,0,0,ego,0,0,1,correct
szq917jn,10,1,10,2,5.0,Science and Technology,0,0,75,0,0,ego,0,0,1,correct
szq917jn,11,1,9,1,5.0,Science and Technology,1,0,75,0,0,ego,0,0,1,correct
xvmd7coq,1,2,9,2,10.0,Science and Technology,1,2,75,1,0,ego,1,0,0,over
xvmd7coq,2,1,7,2,10.0,Science and Technology,3,2,75,1,0,ego,1,0,0,over
xvmd7coq,3,0,5,2,10.0,Science and Technology,5,2,75,1,0,ego,1,0,0,over
xvmd7coq,4,1,6,1,10.0,Science and Technology,4,2,75,1,0,ego,1,0,0,over
xvmd7coq,5,0,8,1,10.0,Science and Technology,2,2,75,1,0,ego,1,0,0,over
xvmd7coq,6,2,10,1,10.0,Science and Technology,0,2,75,1,0,ego,1,0,0,over
xvmd7coq,7,0,3,0,10.0,Science and Technology,7,2,75,1,0,ego,1,0,0,over
xvmd7coq,8,1,6,0,10.0,Science and Technology,4,2,75,1,0,ego,1,0,0,over
xvmd7coq,9,0,6,2,10.0,Science and Technology,4,2,75,1,0,ego,1,0,0,over
xvmd7coq,10,2,10,2,10.0,Science and Technology,0,2,75,1,0,ego,1,0,0,over
xvmd7coq,11,1,8,1,10.0,Science and Technology,2,2,75,1,0,ego,1,0,0,over
z6bycrw5,1,0,8,1,13.0,Science and Technology,2,1,100,1,0,ego,0,0,1,correct
z6bycrw5,2,1,7,2,13.0,Science and Technology,3,1,100,1,0,ego,0,0,1,correct
z6bycrw5,3,2,10,2,13.0,Science and Technology,0,1,100,1,0,ego,0,0,1,correct
z6bycrw5,4,2,10,1,13.0,Science and Technology,0,1,100,1,0,ego,0,0,1,correct
z6bycrw5,5,0,8,1,13.0,Science and Technology,2,1,100,1,0,ego,0,0,1,correct
z6bycrw5,6,0,2,0,13.0,Science and Technology,8,1,100,1,0,ego,0,0,1,correct
z6bycrw5,7,2,10,0,13.0,Science and Technology,0,1,100,1,0,ego,0,0,1,correct
z6bycrw5,8,1,6,2,13.0,Science and Technology,4,1,100,1,0,ego,0,0,1,correct
z6bycrw5,9,2,9,0,13.0,Science and Technology,1,1,100,1,0,ego,0,0,1,correct
z6bycrw5,10,0,8,2,13.0,Science and Technology,2,1,100,1,0,ego,0,0,1,correct
z6bycrw5,11,1,8,1,13.0,Science and Technology,2,1,100,1,0,ego,0,0,1,correct
0zs7j0mw,1,2,3,2,10.0,Math,7,2,100,1,1,ego,1,0,0,over
0zs7j0mw,2,0,4,1,10.0,Math,6,2,100,1,1,ego,1,0,0,over
0zs7j0mw,3,2,3,2,10.0,Math,7,2,100,1,1,ego,1,0,0,over
0zs7j0mw,4,1,4,1,10.0,Math,6,2,100,1,1,ego,1,0,0,over
0zs7j0mw,5,0,8,2,10.0,Math,2,2,100,1,1,ego,1,0,0,over
0zs7j0mw,6,2,4,2,10.0,Math,6,2,100,1,1,ego,1,0,0,over
0zs7j0mw,7,2,6,2,10.0,Math,4,2,100,1,1,ego,1,0,0,over
0zs7j0mw,8,0,5,1,10.0,Math,5,2,100,1,1,ego,1,0,0,over
0zs7j0mw,9,0,6,1,10.0,Math,4,2,100,1,1,ego,1,0,0,over
0zs7j0mw,10,2,3,2,10.0,Math,7,2,100,1,1,ego,1,0,0,over
0zs7j0mw,11,1,3,2,10.0,Math,7,2,100,1,1,ego,1,0,0,over
13f4qqvo,1,1,1,1,11.0,Math,9,1,75,1,1,ego,0,0,1,correct
13f4qqvo,2,1,3,1,11.0,Math,7,1,75,1,1,ego,0,0,1,correct
13f4qqvo,3,1,3,1,11.0,Math,7,1,75,1,1,ego,0,0,1,correct
13f4qqvo,4,1,4,2,11.0,Math,6,1,75,1,1,ego,0,0,1,correct
13f4qqvo,5,1,4,2,11.0,Math,6,1,75,1,1,ego,0,0,1,correct
13f4qqvo,6,0,2,1,11.0,Math,8,1,75,1,1,ego,0,0,1,correct
13f4qqvo,7,1,5,1,11.0,Math,5,1,75,1,1,ego,0,0,1,correct
13f4qqvo,8,0,5,2,11.0,Math,5,1,75,1,1,ego,0,0,1,correct
13f4qqvo,9,0,6,1,11.0,Math,4,1,75,1,1,ego,0,0,1,correct
13f4qqvo,10,1,3,1,11.0,Math,7,1,75,1,1,ego,0,0,1,correct
13f4qqvo,11,1,3,1,11.0,Math,7,1,75,1,1,ego,0,0,1,correct
1c7v4nh9,1,2,3,1,11.0,Math,7,1,75,1,1,ego,0,0,1,correct
1c7v4nh9,2,1,3,1,11.0,Math,7,1,75,1,1,ego,0,0,1,correct
1c7v4nh9,3,0,4,1,11.0,Math,6,1,75,1,1,ego,0,0,1,correct
1c7v4nh9,4,2,9,1,11.0,Math,1,1,75,1,1,ego,0,0,1,correct
1c7v4nh9,5,2,6,1,11.0,Math,4,1,75,1,1,ego,0,0,1,correct
1c7v4nh9,6,1,3,1,11.0,Math,7,1,75,1,1,ego,0,0,1,correct
1c7v4nh9,7,1,5,1,11.0,Math,5,1,75,1,1,ego,0,0,1,correct
1c7v4nh9,8,1,4,1,11.0,Math,6,1,75,1,1,ego,0,0,1,correct
1c7v4nh9,9,1,5,1,11.0,Math,5,1,75,1,1,ego,0,0,1,correct
1c7v4nh9,10,0,8,1,11.0,Math,2,1,75,1,1,ego,0,0,1,correct
1c7v4nh9,11,2,5,1,11.0,Math,5,1,75,1,1,ego,0,0,1,correct
28arcsnx,1,1,1,1,9.0,Math,9,1,75,1,1,ego,0,0,1,correct
28arcsnx,2,1,3,1,9.0,Math,7,1,75,1,1,ego,0,0,1,correct
28arcsnx,3,0,4,2,9.0,Math,6,1,75,1,1,ego,0,0,1,correct
28arcsnx,4,1,4,1,9.0,Math,6,1,75,1,1,ego,0,0,1,correct
28arcsnx,5,1,4,1,9.0,Math,6,1,75,1,1,ego,0,0,1,correct
28arcsnx,6,1,3,1,9.0,Math,7,1,75,1,1,ego,0,0,1,correct
28arcsnx,7,1,5,1,9.0,Math,5,1,75,1,1,ego,0,0,1,correct
28arcsnx,8,1,4,1,9.0,Math,6,1,75,1,1,ego,0,0,1,correct
28arcsnx,9,1,5,1,9.0,Math,5,1,75,1,1,ego,0,0,1,correct
28arcsnx,10,0,8,1,9.0,Math,2,1,75,1,1,ego,0,0,1,correct
28arcsnx,11,1,3,1,9.0,Math,7,1,75,1,1,ego,0,0,1,correct
49lqkk00,1,1,1,2,9.0,Math,9,1,75,1,1,ego,0,0,1,correct
49lqkk00,2,1,3,1,9.0,Math,7,1,75,1,1,ego,0,0,1,correct
49lqkk00,3,1,3,1,9.0,Math,7,1,75,1,1,ego,0,0,1,correct
49lqkk00,4,0,7,2,9.0,Math,3,1,75,1,1,ego,0,0,1,correct
49lqkk00,5,2,6,2,9.0,Math,4,1,75,1,1,ego,0,0,1,correct
49lqkk00,6,1,3,0,9.0,Math,7,1,75,1,1,ego,0,0,1,correct
49lqkk00,7,0,2,0,9.0,Math,8,1,75,1,1,ego,0,0,1,correct
49lqkk00,8,2,6,0,9.0,Math,4,1,75,1,1,ego,0,0,1,correct
49lqkk00,9,1,5,1,9.0,Math,5,1,75,1,1,ego,0,0,1,correct
49lqkk00,10,0,8,2,9.0,Math,2,1,75,1,1,ego,0,0,1,correct
49lqkk00,11,1,3,1,9.0,Math,7,1,75,1,1,ego,0,0,1,correct
72o8c5bk,1,0,6,2,6.0,Math,4,2,100,1,1,ego,1,0,0,over
72o8c5bk,10,1,3,2,6.0,Math,7,2,100,1,1,ego,1,0,0,over
72o8c5bk,11,2,5,2,6.0,Math,5,2,100,1,1,ego,1,0,0,over
72o8c5bk,2,1,3,1,6.0,Math,7,2,100,1,1,ego,1,0,0,over
72o8c5bk,3,2,3,1,6.0,Math,7,2,100,1,1,ego,1,0,0,over
72o8c5bk,4,0,7,2,6.0,Math,3,2,100,1,1,ego,1,0,0,over
72o8c5bk,5,1,4,2,6.0,Math,6,2,100,1,1,ego,1,0,0,over
72o8c5bk,6,2,4,2,6.0,Math,6,2,100,1,1,ego,1,0,0,over
72o8c5bk,7,0,2,2,6.0,Math,8,2,100,1,1,ego,1,0,0,over
72o8c5bk,8,1,4,2,6.0,Math,6,2,100,1,1,ego,1,0,0,over
72o8c5bk,9,0,6,0,6.0,Math,4,2,100,1,1,ego,1,0,0,over
78jeza78,1,0,6,2,9.0,Math,4,2,50,1,1,ego,1,0,0,over
78jeza78,2,1,3,2,9.0,Math,7,2,50,1,1,ego,1,0,0,over
78jeza78,3,0,4,2,9.0,Math,6,2,50,1,1,ego,1,0,0,over
78jeza78,4,0,7,2,9.0,Math,3,2,50,1,1,ego,1,0,0,over
78jeza78,5,0,8,2,9.0,Math,2,2,50,1,1,ego,1,0,0,over
78jeza78,6,0,2,2,9.0,Math,8,2,50,1,1,ego,1,0,0,over
78jeza78,7,0,2,2,9.0,Math,8,2,50,1,1,ego,1,0,0,over
78jeza78,8,0,5,2,9.0,Math,5,2,50,1,1,ego,1,0,0,over
78jeza78,9,0,6,2,9.0,Math,4,2,50,1,1,ego,1,0,0,over
78jeza78,10,0,8,2,9.0,Math,2,2,50,1,1,ego,1,0,0,over
78jeza78,11,0,6,2,9.0,Math,4,2,50,1,1,ego,1,0,0,over
7ebbfqqg,1,2,3,2,13.0,Math,7,2,100,1,1,ego,1,0,0,over
7ebbfqqg,2,1,3,2,13.0,Math,7,2,100,1,1,ego,1,0,0,over
7ebbfqqg,3,1,3,2,13.0,Math,7,2,100,1,1,ego,1,0,0,over
7ebbfqqg,4,2,9,2,13.0,Math,1,2,100,1,1,ego,1,0,0,over
7ebbfqqg,5,1,4,2,13.0,Math,6,2,100,1,1,ego,1,0,0,over
7ebbfqqg,6,1,3,2,13.0,Math,7,2,100,1,1,ego,1,0,0,over
7ebbfqqg,7,1,5,2,13.0,Math,5,2,100,1,1,ego,1,0,0,over
7ebbfqqg,8,1,4,2,13.0,Math,6,2,100,1,1,ego,1,0,0,over
7ebbfqqg,9,1,5,2,13.0,Math,5,2,100,1,1,ego,1,0,0,over
7ebbfqqg,10,1,3,2,13.0,Math,7,2,100,1,1,ego,1,0,0,over
7ebbfqqg,11,1,3,2,13.0,Math,7,2,100,1,1,ego,1,0,0,over
9rpnegmp,1,0,6,2,11.0,Math,4,2,100,1,1,ego,1,0,0,over
9rpnegmp,2,0,4,2,11.0,Math,6,2,100,1,1,ego,1,0,0,over
9rpnegmp,3,0,4,2,11.0,Math,6,2,100,1,1,ego,1,0,0,over
9rpnegmp,4,0,7,2,11.0,Math,3,2,100,1,1,ego,1,0,0,over
9rpnegmp,5,0,8,2,11.0,Math,2,2,100,1,1,ego,1,0,0,over
9rpnegmp,6,1,3,1,11.0,Math,7,2,100,1,1,ego,1,0,0,over
9rpnegmp,7,1,5,1,11.0,Math,5,2,100,1,1,ego,1,0,0,over
9rpnegmp,8,1,4,1,11.0,Math,6,2,100,1,1,ego,1,0,0,over
9rpnegmp,9,1,5,1,11.0,Math,5,2,100,1,1,ego,1,0,0,over
9rpnegmp,10,0,8,2,11.0,Math,2,2,100,1,1,ego,1,0,0,over
9rpnegmp,11,1,3,1,11.0,Math,7,2,100,1,1,ego,1,0,0,over
9w15nflu,1,2,3,2,13.0,Math,7,2,50,1,1,ego,1,0,0,over
9w15nflu,10,1,3,2,13.0,Math,7,2,50,1,1,ego,1,0,0,over
9w15nflu,11,2,5,2,13.0,Math,5,2,50,1,1,ego,1,0,0,over
9w15nflu,2,1,3,2,13.0,Math,7,2,50,1,1,ego,1,0,0,over
9w15nflu,3,2,3,2,13.0,Math,7,2,50,1,1,ego,1,0,0,over
9w15nflu,4,2,9,2,13.0,Math,1,2,50,1,1,ego,1,0,0,over
9w15nflu,5,2,6,2,13.0,Math,4,2,50,1,1,ego,1,0,0,over
9w15nflu,6,1,3,2,13.0,Math,7,2,50,1,1,ego,1,0,0,over
9w15nflu,7,1,5,2,13.0,Math,5,2,50,1,1,ego,1,0,0,over
9w15nflu,8,2,6,2,13.0,Math,4,2,50,1,1,ego,1,0,0,over
9w15nflu,9,0,6,2,13.0,Math,4,2,50,1,1,ego,1,0,0,over
bj048c8i,1,1,1,1,10.0,Math,9,1,50,1,1,ego,0,0,1,correct
bj048c8i,10,0,8,2,10.0,Math,2,1,50,1,1,ego,0,0,1,correct
bj048c8i,11,1,3,1,10.0,Math,7,1,50,1,1,ego,0,0,1,correct
bj048c8i,2,0,4,2,10.0,Math,6,1,50,1,1,ego,0,0,1,correct
bj048c8i,3,2,3,2,10.0,Math,7,1,50,1,1,ego,0,0,1,correct
bj048c8i,4,2,9,1,10.0,Math,1,1,50,1,1,ego,0,0,1,correct
bj048c8i,5,0,8,2,10.0,Math,2,1,50,1,1,ego,0,0,1,correct
bj048c8i,6,1,3,1,10.0,Math,7,1,50,1,1,ego,0,0,1,correct
bj048c8i,7,1,5,1,10.0,Math,5,1,50,1,1,ego,0,0,1,correct
bj048c8i,8,0,5,1,10.0,Math,5,1,50,1,1,ego,0,0,1,correct
bj048c8i,9,2,5,2,10.0,Math,5,1,50,1,1,ego,0,0,1,correct
d37p2ydy,1,0,6,2,13.0,Math,4,1,33,1,1,ego,0,0,1,correct
d37p2ydy,2,1,3,2,13.0,Math,7,1,33,1,1,ego,0,0,1,correct
d37p2ydy,3,2,3,2,13.0,Math,7,1,33,1,1,ego,0,0,1,correct
d37p2ydy,4,1,4,2,13.0,Math,6,1,33,1,1,ego,0,0,1,correct
d37p2ydy,5,1,4,1,13.0,Math,6,1,33,1,1,ego,0,0,1,correct
d37p2ydy,6,0,2,1,13.0,Math,8,1,33,1,1,ego,0,0,1,correct
d37p2ydy,7,0,2,1,13.0,Math,8,1,33,1,1,ego,0,0,1,correct
d37p2ydy,8,0,5,1,13.0,Math,5,1,33,1,1,ego,0,0,1,correct
d37p2ydy,9,0,6,1,13.0,Math,4,1,33,1,1,ego,0,0,1,correct
d37p2ydy,10,2,3,1,13.0,Math,7,1,33,1,1,ego,0,0,1,correct
d37p2ydy,11,2,5,2,13.0,Math,5,1,33,1,1,ego,0,0,1,correct
dxfg6c2i,1,1,1,0,9.0,Math,9,1,75,1,1,ego,0,0,1,correct
dxfg6c2i,2,0,4,2,9.0,Math,6,1,75,1,1,ego,0,0,1,correct
dxfg6c2i,3,2,3,0,9.0,Math,7,1,75,1,1,ego,0,0,1,correct
dxfg6c2i,4,0,7,2,9.0,Math,3,1,75,1,1,ego,0,0,1,correct
dxfg6c2i,5,1,4,1,9.0,Math,6,1,75,1,1,ego,0,0,1,correct
dxfg6c2i,6,0,2,2,9.0,Math,8,1,75,1,1,ego,0,0,1,correct
dxfg6c2i,7,1,5,1,9.0,Math,5,1,75,1,1,ego,0,0,1,correct
dxfg6c2i,8,0,5,1,9.0,Math,5,1,75,1,1,ego,0,0,1,correct
dxfg6c2i,9,2,5,1,9.0,Math,5,1,75,1,1,ego,0,0,1,correct
dxfg6c2i,10,1,3,2,9.0,Math,7,1,75,1,1,ego,0,0,1,correct
dxfg6c2i,11,0,6,1,9.0,Math,4,1,75,1,1,ego,0,0,1,correct
hp19zqeh,1,0,6,1,9.0,Math,4,1,100,1,1,ego,0,0,1,correct
hp19zqeh,2,2,4,2,9.0,Math,6,1,100,1,1,ego,0,0,1,correct
hp19zqeh,3,2,3,2,9.0,Math,7,1,100,1,1,ego,0,0,1,correct
hp19zqeh,4,0,7,2,9.0,Math,3,1,100,1,1,ego,0,0,1,correct
hp19zqeh,5,2,6,2,9.0,Math,4,1,100,1,1,ego,0,0,1,correct
hp19zqeh,6,2,4,2,9.0,Math,6,1,100,1,1,ego,0,0,1,correct
hp19zqeh,7,2,6,2,9.0,Math,4,1,100,1,1,ego,0,0,1,correct
hp19zqeh,8,2,6,2,9.0,Math,4,1,100,1,1,ego,0,0,1,correct
hp19zqeh,9,2,5,2,9.0,Math,5,1,100,1,1,ego,0,0,1,correct
hp19zqeh,10,2,3,2,9.0,Math,7,1,100,1,1,ego,0,0,1,correct
hp19zqeh,11,2,5,2,9.0,Math,5,1,100,1,1,ego,0,0,1,correct
inak0r18,1,0,9,0,4.0,Math,1,0,100,0,1,ego,0,0,1,correct
inak0r18,2,0,9,0,4.0,Math,1,0,100,0,1,ego,0,0,1,correct
inak0r18,3,1,6,0,4.0,Math,4,0,100,0,1,ego,0,0,1,correct
inak0r18,4,2,7,1,4.0,Math,3,0,100,0,1,ego,0,0,1,correct
inak0r18,5,2,9,2,4.0,Math,1,0,100,0,1,ego,0,0,1,correct
inak0r18,6,2,7,0,4.0,Math,3,0,100,0,1,ego,0,0,1,correct
inak0r18,7,0,5,0,4.0,Math,5,0,100,0,1,ego,0,0,1,correct
inak0r18,8,1,7,0,4.0,Math,3,0,100,0,1,ego,0,0,1,correct
inak0r18,9,1,8,0,4.0,Math,2,0,100,0,1,ego,0,0,1,correct
inak0r18,10,0,9,0,4.0,Math,1,0,100,0,1,ego,0,0,1,correct
inak0r18,11,1,5,0,4.0,Math,5,0,100,0,1,ego,0,0,1,correct
j6ftwuzj,1,2,9,0,3.0,Math,1,0,50,0,1,ego,0,0,1,correct
j6ftwuzj,2,1,8,0,3.0,Math,2,0,50,0,1,ego,0,0,1,correct
j6ftwuzj,3,0,8,0,3.0,Math,2,0,50,0,1,ego,0,0,1,correct
j6ftwuzj,4,0,9,0,3.0,Math,1,0,50,0,1,ego,0,0,1,correct
j6ftwuzj,5,0,6,1,3.0,Math,4,0,50,0,1,ego,0,0,1,correct
j6ftwuzj,6,0,8,1,3.0,Math,2,0,50,0,1,ego,0,0,1,correct
j6ftwuzj,7,1,9,1,3.0,Math,1,0,50,0,1,ego,0,0,1,correct
j6ftwuzj,8,2,9,2,3.0,Math,1,0,50,0,1,ego,0,0,1,correct
j6ftwuzj,9,0,8,1,3.0,Math,2,0,50,0,1,ego,0,0,1,correct
j6ftwuzj,10,2,10,0,3.0,Math,0,0,50,0,1,ego,0,0,1,correct
j6ftwuzj,11,0,6,0,3.0,Math,4,0,50,0,1,ego,0,0,1,correct
p1b4dbgv,1,2,9,1,5.0,Math,1,1,50,0,1,ego,1,0,0,over
p1b4dbgv,2,1,8,1,5.0,Math,2,1,50,0,1,ego,1,0,0,over
p1b4dbgv,3,0,8,1,5.0,Math,2,1,50,0,1,ego,1,0,0,over
p1b4dbgv,4,2,7,2,5.0,Math,3,1,50,0,1,ego,1,0,0,over
p1b4dbgv,5,1,9,2,5.0,Math,1,1,50,0,1,ego,1,0,0,over
p1b4dbgv,6,0,8,2,5.0,Math,2,1,50,0,1,ego,1,0,0,over
p1b4dbgv,7,2,9,0,5.0,Math,1,1,50,0,1,ego,1,0,0,over
p1b4dbgv,8,1,7,0,5.0,Math,3,1,50,0,1,ego,1,0,0,over
p1b4dbgv,9,0,8,0,5.0,Math,2,1,50,0,1,ego,1,0,0,over
p1b4dbgv,10,2,10,2,5.0,Math,0,1,50,0,1,ego,1,0,0,over
p1b4dbgv,11,2,6,2,5.0,Math,4,1,50,0,1,ego,1,0,0,over
q9icrsb2,1,0,6,1,8.0,Math,4,1,100,1,1,ego,0,0,1,correct
q9icrsb2,2,0,4,2,8.0,Math,6,1,100,1,1,ego,0,0,1,correct
q9icrsb2,3,1,3,2,8.0,Math,7,1,100,1,1,ego,0,0,1,correct
q9icrsb2,4,0,7,2,8.0,Math,3,1,100,1,1,ego,0,0,1,correct
q9icrsb2,5,2,6,2,8.0,Math,4,1,100,1,1,ego,0,0,1,correct
q9icrsb2,6,1,3,2,8.0,Math,7,1,100,1,1,ego,0,0,1,correct
q9icrsb2,7,1,5,2,8.0,Math,5,1,100,1,1,ego,0,0,1,correct
q9icrsb2,8,0,5,2,8.0,Math,5,1,100,1,1,ego,0,0,1,correct
q9icrsb2,9,1,5,2,8.0,Math,5,1,100,1,1,ego,0,0,1,correct
q9icrsb2,10,1,3,2,8.0,Math,7,1,100,1,1,ego,0,0,1,correct
q9icrsb2,11,1,3,2,8.0,Math,7,1,100,1,1,ego,0,0,1,correct
szq917jn,1,1,7,1,3.0,Math,3,1,50,0,1,ego,1,0,0,over
szq917jn,2,0,9,2,3.0,Math,1,1,50,0,1,ego,1,0,0,over
szq917jn,3,2,5,0,3.0,Math,5,1,50,0,1,ego,1,0,0,over
szq917jn,4,1,3,0,3.0,Math,7,1,50,0,1,ego,1,0,0,over
szq917jn,5,0,6,0,3.0,Math,4,1,50,0,1,ego,1,0,0,over
szq917jn,6,1,7,0,3.0,Math,3,1,50,0,1,ego,1,0,0,over
szq917jn,7,0,5,1,3.0,Math,5,1,50,0,1,ego,1,0,0,over
szq917jn,8,1,7,1,3.0,Math,3,1,50,0,1,ego,1,0,0,over
szq917jn,9,2,10,0,3.0,Math,0,1,50,0,1,ego,1,0,0,over
szq917jn,10,0,9,2,3.0,Math,1,1,50,0,1,ego,1,0,0,over
szq917jn,11,1,5,1,3.0,Math,5,1,50,0,1,ego,1,0,0,over
xvmd7coq,1,0,6,2,11.0,Math,4,1,75,1,1,ego,0,0,1,correct
xvmd7coq,2,0,4,1,11.0,Math,6,1,75,1,1,ego,0,0,1,correct
xvmd7coq,3,1,3,1,11.0,Math,7,1,75,1,1,ego,0,0,1,correct
xvmd7coq,4,1,4,1,11.0,Math,6,1,75,1,1,ego,0,0,1,correct
xvmd7coq,5,2,6,1,11.0,Math,4,1,75,1,1,ego,0,0,1,correct
xvmd7coq,6,2,4,1,11.0,Math,6,1,75,1,1,ego,0,0,1,correct
xvmd7coq,7,2,6,1,11.0,Math,4,1,75,1,1,ego,0,0,1,correct
xvmd7coq,8,0,5,0,11.0,Math,5,1,75,1,1,ego,0,0,1,correct
xvmd7coq,9,0,6,0,11.0,Math,4,1,75,1,1,ego,0,0,1,correct
xvmd7coq,10,0,8,1,11.0,Math,2,1,75,1,1,ego,0,0,1,correct
xvmd7coq,11,0,6,2,11.0,Math,4,1,75,1,1,ego,0,0,1,correct
z6bycrw5,1,0,6,0,13.0,Math,4,1,75,1,1,ego,0,0,1,correct
z6bycrw5,2,1,3,0,13.0,Math,7,1,75,1,1,ego,0,0,1,correct
z6bycrw5,3,2,3,0,13.0,Math,7,1,75,1,1,ego,0,0,1,correct
z6bycrw5,4,2,9,1,13.0,Math,1,1,75,1,1,ego,0,0,1,correct
z6bycrw5,5,0,8,0,13.0,Math,2,1,75,1,1,ego,0,0,1,correct
z6bycrw5,6,1,3,0,13.0,Math,7,1,75,1,1,ego,0,0,1,correct
z6bycrw5,7,2,6,0,13.0,Math,4,1,75,1,1,ego,0,0,1,correct
z6bycrw5,8,1,4,0,13.0,Math,6,1,75,1,1,ego,0,0,1,correct
z6bycrw5,9,1,5,0,13.0,Math,5,1,75,1,1,ego,0,0,1,correct
z6bycrw5,10,2,3,0,13.0,Math,7,1,75,1,1,ego,0,0,1,correct
z6bycrw5,11,1,3,0,13.0,Math,7,1,75,1,1,ego,0,0,1,correct
0zs7j0mw,1,1,7,1,3.0,Verbal,3,1,33,0,1,ego,1,0,0,over
0zs7j0mw,2,0,9,2,3.0,Verbal,1,1,33,0,1,ego,1,0,0,over
0zs7j0mw,3,1,6,2,3.0,Verbal,4,1,33,0,1,ego,1,0,0,over
0zs7j0mw,4,0,9,1,3.0,Verbal,1,1,33,0,1,ego,1,0,0,over
0zs7j0mw,5,0,6,0,3.0,Verbal,4,1,33,0,1,ego,1,0,0,over
0zs7j0mw,6,1,7,1,3.0,Verbal,3,1,33,0,1,ego,1,0,0,over
0zs7j0mw,7,0,5,2,3.0,Verbal,5,1,33,0,1,ego,1,0,0,over
0zs7j0mw,8,1,7,1,3.0,Verbal,3,1,33,0,1,ego,1,0,0,over
0zs7j0mw,9,1,8,1,3.0,Verbal,2,1,33,0,1,ego,1,0,0,over
0zs7j0mw,10,0,9,1,3.0,Verbal,1,1,33,0,1,ego,1,0,0,over
0zs7j0mw,11,1,5,2,3.0,Verbal,5,1,33,0,1,ego,1,0,0,over
13f4qqvo,1,1,1,1,6.0,Verbal,9,1,75,1,1,ego,0,0,1,correct
13f4qqvo,2,1,3,1,6.0,Verbal,7,1,75,1,1,ego,0,0,1,correct
13f4qqvo,3,1,3,1,6.0,Verbal,7,1,75,1,1,ego,0,0,1,correct
13f4qqvo,4,1,4,1,6.0,Verbal,6,1,75,1,1,ego,0,0,1,correct
13f4qqvo,5,1,4,1,6.0,Verbal,6,1,75,1,1,ego,0,0,1,correct
13f4qqvo,6,1,3,1,6.0,Verbal,7,1,75,1,1,ego,0,0,1,correct
13f4qqvo,7,1,5,1,6.0,Verbal,5,1,75,1,1,ego,0,0,1,correct
13f4qqvo,8,1,4,1,6.0,Verbal,6,1,75,1,1,ego,0,0,1,correct
13f4qqvo,9,1,5,1,6.0,Verbal,5,1,75,1,1,ego,0,0,1,correct
13f4qqvo,10,1,3,1,6.0,Verbal,7,1,75,1,1,ego,0,0,1,correct
13f4qqvo,11,1,3,1,6.0,Verbal,7,1,75,1,1,ego,0,0,1,correct
1c7v4nh9,1,1,1,1,8.0,Verbal,9,1,100,1,1,ego,0,0,1,correct
1c7v4nh9,2,1,3,1,8.0,Verbal,7,1,100,1,1,ego,0,0,1,correct
1c7v4nh9,3,1,3,1,8.0,Verbal,7,1,100,1,1,ego,0,0,1,correct
1c7v4nh9,4,1,4,1,8.0,Verbal,6,1,100,1,1,ego,0,0,1,correct
1c7v4nh9,5,1,4,1,8.0,Verbal,6,1,100,1,1,ego,0,0,1,correct
1c7v4nh9,6,1,3,1,8.0,Verbal,7,1,100,1,1,ego,0,0,1,correct
1c7v4nh9,7,1,5,1,8.0,Verbal,5,1,100,1,1,ego,0,0,1,correct
1c7v4nh9,8,1,4,1,8.0,Verbal,6,1,100,1,1,ego,0,0,1,correct
1c7v4nh9,9,1,5,1,8.0,Verbal,5,1,100,1,1,ego,0,0,1,correct
1c7v4nh9,10,1,3,1,8.0,Verbal,7,1,100,1,1,ego,0,0,1,correct
1c7v4nh9,11,1,3,1,8.0,Verbal,7,1,100,1,1,ego,0,0,1,correct
28arcsnx,1,0,6,0,6.0,Verbal,4,0,33,1,1,ego,0,1,0,under
28arcsnx,2,0,4,0,6.0,Verbal,6,0,33,1,1,ego,0,1,0,under
28arcsnx,3,0,4,0,6.0,Verbal,6,0,33,1,1,ego,0,1,0,under
28arcsnx,4,0,7,0,6.0,Verbal,3,0,33,1,1,ego,0,1,0,under
28arcsnx,5,0,8,0,6.0,Verbal,2,0,33,1,1,ego,0,1,0,under
28arcsnx,6,1,3,0,6.0,Verbal,7,0,33,1,1,ego,0,1,0,under
28arcsnx,7,1,5,0,6.0,Verbal,5,0,33,1,1,ego,0,1,0,under
28arcsnx,8,1,4,0,6.0,Verbal,6,0,33,1,1,ego,0,1,0,under
28arcsnx,9,1,5,0,6.0,Verbal,5,0,33,1,1,ego,0,1,0,under
28arcsnx,10,1,3,0,6.0,Verbal,7,0,33,1,1,ego,0,1,0,under
28arcsnx,11,1,3,0,6.0,Verbal,7,0,33,1,1,ego,0,1,0,under
49lqkk00,1,1,1,1,8.0,Verbal,9,1,50,1,1,ego,0,0,1,correct
49lqkk00,2,1,3,1,8.0,Verbal,7,1,50,1,1,ego,0,0,1,correct
49lqkk00,3,0,4,0,8.0,Verbal,6,1,50,1,1,ego,0,0,1,correct
49lqkk00,4,0,7,2,8.0,Verbal,3,1,50,1,1,ego,0,0,1,correct
49lqkk00,5,2,6,2,8.0,Verbal,4,1,50,1,1,ego,0,0,1,correct
49lqkk00,6,1,3,1,8.0,Verbal,7,1,50,1,1,ego,0,0,1,correct
49lqkk00,7,1,5,1,8.0,Verbal,5,1,50,1,1,ego,0,0,1,correct
49lqkk00,8,0,5,1,8.0,Verbal,5,1,50,1,1,ego,0,0,1,correct
49lqkk00,9,1,5,2,8.0,Verbal,5,1,50,1,1,ego,0,0,1,correct
49lqkk00,10,1,3,0,8.0,Verbal,7,1,50,1,1,ego,0,0,1,correct
49lqkk00,11,1,3,1,8.0,Verbal,7,1,50,1,1,ego,0,0,1,correct
72o8c5bk,1,0,9,2,4.0,Verbal,1,2,100,0,1,ego,1,0,0,over
72o8c5bk,2,1,8,2,4.0,Verbal,2,2,100,0,1,ego,1,0,0,over
72o8c5bk,3,2,5,2,4.0,Verbal,5,2,100,0,1,ego,1,0,0,over
72o8c5bk,4,2,7,2,4.0,Verbal,3,2,100,0,1,ego,1,0,0,over
72o8c5bk,5,1,9,2,4.0,Verbal,1,2,100,0,1,ego,1,0,0,over
72o8c5bk,6,1,7,1,4.0,Verbal,3,2,100,0,1,ego,1,0,0,over
72o8c5bk,7,2,9,1,4.0,Verbal,1,2,100,0,1,ego,1,0,0,over
72o8c5bk,8,0,9,1,4.0,Verbal,1,2,100,0,1,ego,1,0,0,over
72o8c5bk,9,2,10,1,4.0,Verbal,0,2,100,0,1,ego,1,0,0,over
72o8c5bk,10,0,9,2,4.0,Verbal,1,2,100,0,1,ego,1,0,0,over
72o8c5bk,11,1,5,2,4.0,Verbal,5,2,100,0,1,ego,1,0,0,over
78jeza78,1,0,9,0,3.0,Verbal,1,0,100,0,1,ego,0,0,1,correct
78jeza78,2,1,8,0,3.0,Verbal,2,0,100,0,1,ego,0,0,1,correct
78jeza78,3,2,5,0,3.0,Verbal,5,0,100,0,1,ego,0,0,1,correct
78jeza78,4,2,7,0,3.0,Verbal,3,0,100,0,1,ego,0,0,1,correct
78jeza78,5,2,9,0,3.0,Verbal,1,0,100,0,1,ego,0,0,1,correct
78jeza78,6,1,7,0,3.0,Verbal,3,0,100,0,1,ego,0,0,1,correct
78jeza78,7,1,9,0,3.0,Verbal,1,0,100,0,1,ego,0,0,1,correct
78jeza78,8,2,9,0,3.0,Verbal,1,0,100,0,1,ego,0,0,1,correct
78jeza78,9,1,8,0,3.0,Verbal,2,0,100,0,1,ego,0,0,1,correct
78jeza78,10,0,9,0,3.0,Verbal,1,0,100,0,1,ego,0,0,1,correct
78jeza78,11,1,5,0,3.0,Verbal,5,0,100,0,1,ego,0,0,1,correct
7ebbfqqg,1,2,9,1,5.0,Verbal,1,1,75,0,1,ego,1,0,0,over
7ebbfqqg,2,1,8,1,5.0,Verbal,2,1,75,0,1,ego,1,0,0,over
7ebbfqqg,3,0,8,1,5.0,Verbal,2,1,75,0,1,ego,1,0,0,over
7ebbfqqg,4,1,3,1,5.0,Verbal,7,1,75,0,1,ego,1,0,0,over
7ebbfqqg,5,1,9,1,5.0,Verbal,1,1,75,0,1,ego,1,0,0,over
7ebbfqqg,6,1,7,1,5.0,Verbal,3,1,75,0,1,ego,1,0,0,over
7ebbfqqg,7,0,5,1,5.0,Verbal,5,1,75,0,1,ego,1,0,0,over
7ebbfqqg,8,0,9,1,5.0,Verbal,1,1,75,0,1,ego,1,0,0,over
7ebbfqqg,9,0,8,0,5.0,Verbal,2,1,75,0,1,ego,1,0,0,over
7ebbfqqg,10,0,9,0,5.0,Verbal,1,1,75,0,1,ego,1,0,0,over
7ebbfqqg,11,0,6,0,5.0,Verbal,4,1,75,0,1,ego,1,0,0,over
9rpnegmp,1,0,9,1,5.0,Verbal,1,1,75,0,1,ego,1,0,0,over
9rpnegmp,2,1,8,1,5.0,Verbal,2,1,75,0,1,ego,1,0,0,over
9rpnegmp,3,0,8,2,5.0,Verbal,2,1,75,0,1,ego,1,0,0,over
9rpnegmp,4,1,3,2,5.0,Verbal,7,1,75,0,1,ego,1,0,0,over
9rpnegmp,5,1,9,2,5.0,Verbal,1,1,75,0,1,ego,1,0,0,over
9rpnegmp,6,1,7,1,5.0,Verbal,3,1,75,0,1,ego,1,0,0,over
9rpnegmp,7,0,5,2,5.0,Verbal,5,1,75,0,1,ego,1,0,0,over
9rpnegmp,8,2,9,1,5.0,Verbal,1,1,75,0,1,ego,1,0,0,over
9rpnegmp,9,1,8,2,5.0,Verbal,2,1,75,0,1,ego,1,0,0,over
9rpnegmp,10,0,9,2,5.0,Verbal,1,1,75,0,1,ego,1,0,0,over
9rpnegmp,11,1,5,1,5.0,Verbal,5,1,75,0,1,ego,1,0,0,over
9w15nflu,1,1,1,1,7.0,Verbal,9,0,33,1,1,ego,0,1,0,under
9w15nflu,2,1,3,2,7.0,Verbal,7,0,33,1,1,ego,0,1,0,under
9w15nflu,3,2,3,2,7.0,Verbal,7,0,33,1,1,ego,0,1,0,under
9w15nflu,4,2,9,2,7.0,Verbal,1,0,33,1,1,ego,0,1,0,under
9w15nflu,5,1,4,2,7.0,Verbal,6,0,33,1,1,ego,0,1,0,under
9w15nflu,6,2,4,2,7.0,Verbal,6,0,33,1,1,ego,0,1,0,under
9w15nflu,7,1,5,2,7.0,Verbal,5,0,33,1,1,ego,0,1,0,under
9w15nflu,8,2,6,2,7.0,Verbal,4,0,33,1,1,ego,0,1,0,under
9w15nflu,9,1,5,2,7.0,Verbal,5,0,33,1,1,ego,0,1,0,under
9w15nflu,10,1,3,1,7.0,Verbal,7,0,33,1,1,ego,0,1,0,under
9w15nflu,11,2,5,1,7.0,Verbal,5,0,33,1,1,ego,0,1,0,under
bj048c8i,1,0,6,1,8.0,Verbal,4,1,50,1,1,ego,0,0,1,correct
bj048c8i,2,0,4,2,8.0,Verbal,6,1,50,1,1,ego,0,0,1,correct
bj048c8i,3,2,3,2,8.0,Verbal,7,1,50,1,1,ego,0,0,1,correct
bj048c8i,4,1,4,2,8.0,Verbal,6,1,50,1,1,ego,0,0,1,correct
bj048c8i,5,0,8,2,8.0,Verbal,2,1,50,1,1,ego,0,0,1,correct
bj048c8i,6,2,4,1,8.0,Verbal,6,1,50,1,1,ego,0,0,1,correct
bj048c8i,7,1,5,1,8.0,Verbal,5,1,50,1,1,ego,0,0,1,correct
bj048c8i,8,0,5,0,8.0,Verbal,5,1,50,1,1,ego,0,0,1,correct
bj048c8i,9,2,5,0,8.0,Verbal,5,1,50,1,1,ego,0,0,1,correct
bj048c8i,10,1,3,1,8.0,Verbal,7,1,50,1,1,ego,0,0,1,correct
bj048c8i,11,1,3,1,8.0,Verbal,7,1,50,1,1,ego,0,0,1,correct
d37p2ydy,1,1,7,1,2.0,Verbal,3,0,33,0,1,ego,0,0,1,correct
d37p2ydy,10,1,5,0,2.0,Verbal,5,0,33,0,1,ego,0,0,1,correct
d37p2ydy,11,1,5,0,2.0,Verbal,5,0,33,0,1,ego,0,0,1,correct
d37p2ydy,2,2,5,0,2.0,Verbal,5,0,33,0,1,ego,0,0,1,correct
d37p2ydy,3,0,8,0,2.0,Verbal,2,0,33,0,1,ego,0,0,1,correct
d37p2ydy,4,0,9,2,2.0,Verbal,1,0,33,0,1,ego,0,0,1,correct
d37p2ydy,5,2,9,0,2.0,Verbal,1,0,33,0,1,ego,0,0,1,correct
d37p2ydy,6,2,7,0,2.0,Verbal,3,0,33,0,1,ego,0,0,1,correct
d37p2ydy,7,0,5,1,2.0,Verbal,5,0,33,0,1,ego,0,0,1,correct
d37p2ydy,8,0,9,1,2.0,Verbal,1,0,33,0,1,ego,0,0,1,correct
d37p2ydy,9,1,8,1,2.0,Verbal,2,0,33,0,1,ego,0,0,1,correct
dxfg6c2i,1,0,9,0,4.0,Verbal,1,1,33,0,1,ego,1,0,0,over
dxfg6c2i,2,1,8,0,4.0,Verbal,2,1,33,0,1,ego,1,0,0,over
dxfg6c2i,3,0,8,1,4.0,Verbal,2,1,33,0,1,ego,1,0,0,over
dxfg6c2i,4,2,7,0,4.0,Verbal,3,1,33,0,1,ego,1,0,0,over
dxfg6c2i,5,0,6,0,4.0,Verbal,4,1,33,0,1,ego,1,0,0,over
dxfg6c2i,6,1,7,1,4.0,Verbal,3,1,33,0,1,ego,1,0,0,over
dxfg6c2i,7,1,9,2,4.0,Verbal,1,1,33,0,1,ego,1,0,0,over
dxfg6c2i,8,2,9,2,4.0,Verbal,1,1,33,0,1,ego,1,0,0,over
dxfg6c2i,9,0,8,1,4.0,Verbal,2,1,33,0,1,ego,1,0,0,over
dxfg6c2i,10,0,9,0,4.0,Verbal,1,1,33,0,1,ego,1,0,0,over
dxfg6c2i,11,1,5,1,4.0,Verbal,5,1,33,0,1,ego,1,0,0,over
hp19zqeh,1,1,7,2,5.0,Verbal,3,0,33,0,1,ego,0,0,1,correct
hp19zqeh,2,1,8,2,5.0,Verbal,2,0,33,0,1,ego,0,0,1,correct
hp19zqeh,3,2,5,2,5.0,Verbal,5,0,33,0,1,ego,0,0,1,correct
hp19zqeh,4,2,7,2,5.0,Verbal,3,0,33,0,1,ego,0,0,1,correct
hp19zqeh,5,0,6,2,5.0,Verbal,4,0,33,0,1,ego,0,0,1,correct
hp19zqeh,6,0,8,0,5.0,Verbal,2,0,33,0,1,ego,0,0,1,correct
hp19zqeh,7,0,5,1,5.0,Verbal,5,0,33,0,1,ego,0,0,1,correct
hp19zqeh,8,0,9,2,5.0,Verbal,1,0,33,0,1,ego,0,0,1,correct
hp19zqeh,9,2,10,2,5.0,Verbal,0,0,33,0,1,ego,0,0,1,correct
hp19zqeh,10,0,9,0,5.0,Verbal,1,0,33,0,1,ego,0,0,1,correct
hp19zqeh,11,2,6,0,5.0,Verbal,4,0,33,0,1,ego,0,0,1,correct
inak0r18,1,2,9,0,5.0,Verbal,1,1,100,0,1,ego,1,0,0,over
inak0r18,2,0,9,0,5.0,Verbal,1,1,100,0,1,ego,1,0,0,over
inak0r18,3,1,6,0,5.0,Verbal,4,1,100,0,1,ego,1,0,0,over
inak0r18,4,2,7,1,5.0,Verbal,3,1,100,0,1,ego,1,0,0,over
inak0r18,5,1,9,1,5.0,Verbal,1,1,100,0,1,ego,1,0,0,over
inak0r18,6,0,8,1,5.0,Verbal,2,1,100,0,1,ego,1,0,0,over
inak0r18,7,1,9,2,5.0,Verbal,1,1,100,0,1,ego,1,0,0,over
inak0r18,8,2,9,2,5.0,Verbal,1,1,100,0,1,ego,1,0,0,over
inak0r18,9,0,8,2,5.0,Verbal,2,1,100,0,1,ego,1,0,0,over
inak0r18,10,1,5,0,5.0,Verbal,5,1,100,0,1,ego,1,0,0,over
inak0r18,11,2,6,0,5.0,Verbal,4,1,100,0,1,ego,1,0,0,over
j6ftwuzj,1,0,9,0,4.0,Verbal,1,0,33,0,1,ego,0,0,1,correct
j6ftwuzj,2,2,5,0,4.0,Verbal,5,0,33,0,1,ego,0,0,1,correct
j6ftwuzj,3,1,6,0,4.0,Verbal,4,0,33,0,1,ego,0,0,1,correct
j6ftwuzj,4,2,7,0,4.0,Verbal,3,0,33,0,1,ego,0,0,1,correct
j6ftwuzj,5,2,9,0,4.0,Verbal,1,0,33,0,1,ego,0,0,1,correct
j6ftwuzj,6,1,7,0,4.0,Verbal,3,0,33,0,1,ego,0,0,1,correct
j6ftwuzj,7,1,9,0,4.0,Verbal,1,0,33,0,1,ego,0,0,1,correct
j6ftwuzj,8,0,9,0,4.0,Verbal,1,0,33,0,1,ego,0,0,1,correct
j6ftwuzj,9,2,10,0,4.0,Verbal,0,0,33,0,1,ego,0,0,1,correct
j6ftwuzj,10,1,5,0,4.0,Verbal,5,0,33,0,1,ego,0,0,1,correct
j6ftwuzj,11,1,5,0,4.0,Verbal,5,0,33,0,1,ego,0,0,1,correct
p1b4dbgv,1,2,9,1,3.0,Verbal,1,1,75,0,1,ego,1,0,0,over
p1b4dbgv,10,1,5,2,3.0,Verbal,5,1,75,0,1,ego,1,0,0,over
p1b4dbgv,11,0,6,2,3.0,Verbal,4,1,75,0,1,ego,1,0,0,over
p1b4dbgv,2,1,8,0,3.0,Verbal,2,1,75,0,1,ego,1,0,0,over
p1b4dbgv,3,0,8,2,3.0,Verbal,2,1,75,0,1,ego,1,0,0,over
p1b4dbgv,4,2,7,2,3.0,Verbal,3,1,75,0,1,ego,1,0,0,over
p1b4dbgv,5,1,9,2,3.0,Verbal,1,1,75,0,1,ego,1,0,0,over
p1b4dbgv,6,1,7,1,3.0,Verbal,3,1,75,0,1,ego,1,0,0,over
p1b4dbgv,7,0,5,0,3.0,Verbal,5,1,75,0,1,ego,1,0,0,over
p1b4dbgv,8,1,7,1,3.0,Verbal,3,1,75,0,1,ego,1,0,0,over
p1b4dbgv,9,2,10,2,3.0,Verbal,0,1,75,0,1,ego,1,0,0,over
q9icrsb2,1,0,9,1,4.0,Verbal,1,0,75,0,1,ego,0,0,1,correct
q9icrsb2,2,0,9,2,4.0,Verbal,1,0,75,0,1,ego,0,0,1,correct
q9icrsb2,3,1,6,2,4.0,Verbal,4,0,75,0,1,ego,0,0,1,correct
q9icrsb2,4,2,7,2,4.0,Verbal,3,0,75,0,1,ego,0,0,1,correct
q9icrsb2,5,0,6,1,4.0,Verbal,4,0,75,0,1,ego,0,0,1,correct
q9icrsb2,6,2,7,0,4.0,Verbal,3,0,75,0,1,ego,0,0,1,correct
q9icrsb2,7,1,9,2,4.0,Verbal,1,0,75,0,1,ego,0,0,1,correct
q9icrsb2,8,0,9,0,4.0,Verbal,1,0,75,0,1,ego,0,0,1,correct
q9icrsb2,9,0,8,1,4.0,Verbal,2,0,75,0,1,ego,0,0,1,correct
q9icrsb2,10,1,5,1,4.0,Verbal,5,0,75,0,1,ego,0,0,1,correct
q9icrsb2,11,1,5,1,4.0,Verbal,5,0,75,0,1,ego,0,0,1,correct
szq917jn,1,2,9,1,4.0,Verbal,1,1,75,0,1,ego,1,0,0,over
szq917jn,10,1,5,2,4.0,Verbal,5,1,75,0,1,ego,1,0,0,over
szq917jn,11,0,6,2,4.0,Verbal,4,1,75,0,1,ego,1,0,0,over
szq917jn,2,0,9,1,4.0,Verbal,1,1,75,0,1,ego,1,0,0,over
szq917jn,3,2,5,0,4.0,Verbal,5,1,75,0,1,ego,1,0,0,over
szq917jn,4,0,9,0,4.0,Verbal,1,1,75,0,1,ego,1,0,0,over
szq917jn,5,1,9,1,4.0,Verbal,1,1,75,0,1,ego,1,0,0,over
szq917jn,6,0,8,2,4.0,Verbal,2,1,75,0,1,ego,1,0,0,over
szq917jn,7,2,9,0,4.0,Verbal,1,1,75,0,1,ego,1,0,0,over
szq917jn,8,0,9,0,4.0,Verbal,1,1,75,0,1,ego,1,0,0,over
szq917jn,9,1,8,0,4.0,Verbal,2,1,75,0,1,ego,1,0,0,over
xvmd7coq,1,0,6,0,7.0,Verbal,4,1,75,1,1,ego,0,0,1,correct
xvmd7coq,2,1,3,0,7.0,Verbal,7,1,75,1,1,ego,0,0,1,correct
xvmd7coq,3,2,3,0,7.0,Verbal,7,1,75,1,1,ego,0,0,1,correct
xvmd7coq,4,1,4,1,7.0,Verbal,6,1,75,1,1,ego,0,0,1,correct
xvmd7coq,5,2,6,1,7.0,Verbal,4,1,75,1,1,ego,0,0,1,correct
xvmd7coq,6,1,3,0,7.0,Verbal,7,1,75,1,1,ego,0,0,1,correct
xvmd7coq,7,1,5,0,7.0,Verbal,5,1,75,1,1,ego,0,0,1,correct
xvmd7coq,8,2,6,0,7.0,Verbal,4,1,75,1,1,ego,0,0,1,correct
xvmd7coq,9,2,5,1,7.0,Verbal,5,1,75,1,1,ego,0,0,1,correct
xvmd7coq,10,1,3,1,7.0,Verbal,7,1,75,1,1,ego,0,0,1,correct
xvmd7coq,11,1,3,1,7.0,Verbal,7,1,75,1,1,ego,0,0,1,correct
z6bycrw5,1,1,1,0,6.0,Verbal,9,0,33,1,1,ego,0,1,0,under
z6bycrw5,2,2,4,0,6.0,Verbal,6,0,33,1,1,ego,0,1,0,under
z6bycrw5,3,1,3,0,6.0,Verbal,7,0,33,1,1,ego,0,1,0,under
z6bycrw5,4,0,7,1,6.0,Verbal,3,0,33,1,1,ego,0,1,0,under
z6bycrw5,5,1,4,1,6.0,Verbal,6,0,33,1,1,ego,0,1,0,under
z6bycrw5,6,2,4,1,6.0,Verbal,6,0,33,1,1,ego,0,1,0,under
z6bycrw5,7,1,5,0,6.0,Verbal,5,0,33,1,1,ego,0,1,0,under
z6bycrw5,8,1,4,1,6.0,Verbal,6,0,33,1,1,ego,0,1,0,under
z6bycrw5,9,0,6,1,6.0,Verbal,4,0,33,1,1,ego,0,1,0,under
z6bycrw5,10,1,3,1,6.0,Verbal,7,0,33,1,1,ego,0,1,0,under
z6bycrw5,11,2,5,0,6.0,Verbal,5,0,33,1,1,ego,0,1,0,under
0zs7j0mw,1,1,1,1,7.0,Pop-Culture and Art,9,1,33,1,2,ego,0,0,1,correct
0zs7j0mw,10,1,3,2,7.0,Pop-Culture and Art,7,1,33,1,2,ego,0,0,1,correct
0zs7j0mw,11,1,2,1,7.0,Pop-Culture and Art,8,1,33,1,2,ego,0,0,1,correct
0zs7j0mw,2,1,3,1,7.0,Pop-Culture and Art,7,1,33,1,2,ego,0,0,1,correct
0zs7j0mw,3,2,2,2,7.0,Pop-Culture and Art,8,1,33,1,2,ego,0,0,1,correct
0zs7j0mw,4,0,3,1,7.0,Pop-Culture and Art,7,1,33,1,2,ego,0,0,1,correct
0zs7j0mw,5,0,2,2,7.0,Pop-Culture and Art,8,1,33,1,2,ego,0,0,1,correct
0zs7j0mw,6,0,8,2,7.0,Pop-Culture and Art,2,1,33,1,2,ego,0,0,1,correct
0zs7j0mw,7,0,6,1,7.0,Pop-Culture and Art,4,1,33,1,2,ego,0,0,1,correct
0zs7j0mw,8,0,5,1,7.0,Pop-Culture and Art,5,1,33,1,2,ego,0,0,1,correct
0zs7j0mw,9,1,5,1,7.0,Pop-Culture and Art,5,1,33,1,2,ego,0,0,1,correct
13f4qqvo,1,1,1,1,12.0,Pop-Culture and Art,9,1,75,1,2,ego,0,0,1,correct
13f4qqvo,2,1,3,1,12.0,Pop-Culture and Art,7,1,75,1,2,ego,0,0,1,correct
13f4qqvo,3,1,3,1,12.0,Pop-Culture and Art,7,1,75,1,2,ego,0,0,1,correct
13f4qqvo,4,1,4,1,12.0,Pop-Culture and Art,6,1,75,1,2,ego,0,0,1,correct
13f4qqvo,5,1,3,1,12.0,Pop-Culture and Art,7,1,75,1,2,ego,0,0,1,correct
13f4qqvo,6,1,3,1,12.0,Pop-Culture and Art,7,1,75,1,2,ego,0,0,1,correct
13f4qqvo,7,1,5,1,12.0,Pop-Culture and Art,5,1,75,1,2,ego,0,0,1,correct
13f4qqvo,8,1,4,1,12.0,Pop-Culture and Art,6,1,75,1,2,ego,0,0,1,correct
13f4qqvo,9,1,5,1,12.0,Pop-Culture and Art,5,1,75,1,2,ego,0,0,1,correct
13f4qqvo,10,1,3,1,12.0,Pop-Culture and Art,7,1,75,1,2,ego,0,0,1,correct
13f4qqvo,11,1,2,1,12.0,Pop-Culture and Art,8,1,75,1,2,ego,0,0,1,correct
1c7v4nh9,1,1,1,1,17.0,Pop-Culture and Art,9,1,75,2,2,ego,0,1,0,under
1c7v4nh9,10,2,3,1,17.0,Pop-Culture and Art,7,1,75,2,2,ego,0,1,0,under
1c7v4nh9,11,2,2,1,17.0,Pop-Culture and Art,8,1,75,2,2,ego,0,1,0,under
1c7v4nh9,2,1,3,1,17.0,Pop-Culture and Art,7,1,75,2,2,ego,0,1,0,under
1c7v4nh9,3,2,2,1,17.0,Pop-Culture and Art,8,1,75,2,2,ego,0,1,0,under
1c7v4nh9,4,1,4,1,17.0,Pop-Culture and Art,6,1,75,2,2,ego,0,1,0,under
1c7v4nh9,5,2,0,1,17.0,Pop-Culture and Art,10,1,75,2,2,ego,0,1,0,under
1c7v4nh9,6,2,1,1,17.0,Pop-Culture and Art,9,1,75,2,2,ego,0,1,0,under
1c7v4nh9,7,2,1,1,17.0,Pop-Culture and Art,9,1,75,2,2,ego,0,1,0,under
1c7v4nh9,8,2,2,2,17.0,Pop-Culture and Art,8,1,75,2,2,ego,0,1,0,under
1c7v4nh9,9,2,1,1,17.0,Pop-Culture and Art,9,1,75,2,2,ego,0,1,0,under
28arcsnx,1,1,1,0,7.0,Pop-Culture and Art,9,0,33,1,2,ego,0,1,0,under
28arcsnx,2,1,3,0,7.0,Pop-Culture and Art,7,0,33,1,2,ego,0,1,0,under
28arcsnx,3,1,3,0,7.0,Pop-Culture and Art,7,0,33,1,2,ego,0,1,0,under
28arcsnx,4,1,4,0,7.0,Pop-Culture and Art,6,0,33,1,2,ego,0,1,0,under
28arcsnx,5,1,3,0,7.0,Pop-Culture and Art,7,0,33,1,2,ego,0,1,0,under
28arcsnx,6,1,3,0,7.0,Pop-Culture and Art,7,0,33,1,2,ego,0,1,0,under
28arcsnx,7,1,5,0,7.0,Pop-Culture and Art,5,0,33,1,2,ego,0,1,0,under
28arcsnx,8,0,5,0,7.0,Pop-Culture and Art,5,0,33,1,2,ego,0,1,0,under
28arcsnx,9,1,5,0,7.0,Pop-Culture and Art,5,0,33,1,2,ego,0,1,0,under
28arcsnx,10,1,3,0,7.0,Pop-Culture and Art,7,0,33,1,2,ego,0,1,0,under
28arcsnx,11,1,2,0,7.0,Pop-Culture and Art,8,0,33,1,2,ego,0,1,0,under
49lqkk00,1,1,1,1,10.0,Pop-Culture and Art,9,1,50,1,2,ego,0,0,1,correct
49lqkk00,10,0,2,1,10.0,Pop-Culture and Art,8,1,50,1,2,ego,0,0,1,correct
49lqkk00,11,1,2,2,10.0,Pop-Culture and Art,8,1,50,1,2,ego,0,0,1,correct
49lqkk00,2,1,3,2,10.0,Pop-Culture and Art,7,1,50,1,2,ego,0,0,1,correct
49lqkk00,3,0,5,1,10.0,Pop-Culture and Art,5,1,50,1,2,ego,0,0,1,correct
49lqkk00,4,2,0,2,10.0,Pop-Culture and Art,10,1,50,1,2,ego,0,0,1,correct
49lqkk00,5,1,3,2,10.0,Pop-Culture and Art,7,1,50,1,2,ego,0,0,1,correct
49lqkk00,6,0,8,0,10.0,Pop-Culture and Art,2,1,50,1,2,ego,0,0,1,correct
49lqkk00,7,1,5,2,10.0,Pop-Culture and Art,5,1,50,1,2,ego,0,0,1,correct
49lqkk00,8,1,4,2,10.0,Pop-Culture and Art,6,1,50,1,2,ego,0,0,1,correct
49lqkk00,9,1,5,2,10.0,Pop-Culture and Art,5,1,50,1,2,ego,0,0,1,correct
72o8c5bk,1,1,1,1,8.0,Pop-Culture and Art,9,2,100,1,2,ego,1,0,0,over
72o8c5bk,2,2,2,1,8.0,Pop-Culture and Art,8,2,100,1,2,ego,1,0,0,over
72o8c5bk,3,2,2,1,8.0,Pop-Culture and Art,8,2,100,1,2,ego,1,0,0,over
72o8c5bk,4,2,0,1,8.0,Pop-Culture and Art,10,2,100,1,2,ego,1,0,0,over
72o8c5bk,5,2,0,1,8.0,Pop-Culture and Art,10,2,100,1,2,ego,1,0,0,over
72o8c5bk,6,2,1,1,8.0,Pop-Culture and Art,9,2,100,1,2,ego,1,0,0,over
72o8c5bk,7,2,1,1,8.0,Pop-Culture and Art,9,2,100,1,2,ego,1,0,0,over
72o8c5bk,8,2,2,1,8.0,Pop-Culture and Art,8,2,100,1,2,ego,1,0,0,over
72o8c5bk,9,1,5,2,8.0,Pop-Culture and Art,5,2,100,1,2,ego,1,0,0,over
72o8c5bk,10,1,3,2,8.0,Pop-Culture and Art,7,2,100,1,2,ego,1,0,0,over
72o8c5bk,11,1,2,2,8.0,Pop-Culture and Art,8,2,100,1,2,ego,1,0,0,over
78jeza78,1,0,2,0,6.0,Pop-Culture and Art,8,0,75,1,2,ego,0,1,0,under
78jeza78,2,0,6,0,6.0,Pop-Culture and Art,4,0,75,1,2,ego,0,1,0,under
78jeza78,3,0,5,0,6.0,Pop-Culture and Art,5,0,75,1,2,ego,0,1,0,under
78jeza78,4,0,3,0,6.0,Pop-Culture and Art,7,0,75,1,2,ego,0,1,0,under
78jeza78,5,0,2,0,6.0,Pop-Culture and Art,8,0,75,1,2,ego,0,1,0,under
78jeza78,6,0,8,0,6.0,Pop-Culture and Art,2,0,75,1,2,ego,0,1,0,under
78jeza78,7,0,6,0,6.0,Pop-Culture and Art,4,0,75,1,2,ego,0,1,0,under
78jeza78,8,0,5,0,6.0,Pop-Culture and Art,5,0,75,1,2,ego,0,1,0,under
78jeza78,9,0,4,0,6.0,Pop-Culture and Art,6,0,75,1,2,ego,0,1,0,under
78jeza78,10,0,2,0,6.0,Pop-Culture and Art,8,0,75,1,2,ego,0,1,0,under
78jeza78,11,0,2,0,6.0,Pop-Culture and Art,8,0,75,1,2,ego,0,1,0,under
7ebbfqqg,1,2,4,0,12.0,Pop-Culture and Art,6,0,50,1,2,ego,0,1,0,under
7ebbfqqg,2,2,2,0,12.0,Pop-Culture and Art,8,0,50,1,2,ego,0,1,0,under
7ebbfqqg,3,2,2,0,12.0,Pop-Culture and Art,8,0,50,1,2,ego,0,1,0,under
7ebbfqqg,4,2,0,1,12.0,Pop-Culture and Art,10,0,50,1,2,ego,0,1,0,under
7ebbfqqg,5,2,0,1,12.0,Pop-Culture and Art,10,0,50,1,2,ego,0,1,0,under
7ebbfqqg,6,2,1,2,12.0,Pop-Culture and Art,9,0,50,1,2,ego,0,1,0,under
7ebbfqqg,7,2,1,2,12.0,Pop-Culture and Art,9,0,50,1,2,ego,0,1,0,under
7ebbfqqg,8,2,2,2,12.0,Pop-Culture and Art,8,0,50,1,2,ego,0,1,0,under
7ebbfqqg,9,2,1,2,12.0,Pop-Culture and Art,9,0,50,1,2,ego,0,1,0,under
7ebbfqqg,10,2,3,2,12.0,Pop-Culture and Art,7,0,50,1,2,ego,0,1,0,under
7ebbfqqg,11,2,2,2,12.0,Pop-Culture and Art,8,0,50,1,2,ego,0,1,0,under
9rpnegmp,1,0,2,0,11.0,Pop-Culture and Art,8,0,33,1,2,ego,0,1,0,under
9rpnegmp,2,0,6,0,11.0,Pop-Culture and Art,4,0,33,1,2,ego,0,1,0,under
9rpnegmp,3,0,5,0,11.0,Pop-Culture and Art,5,0,33,1,2,ego,0,1,0,under
9rpnegmp,4,0,3,0,11.0,Pop-Culture and Art,7,0,33,1,2,ego,0,1,0,under
9rpnegmp,5,0,2,0,11.0,Pop-Culture and Art,8,0,33,1,2,ego,0,1,0,under
9rpnegmp,6,0,8,0,11.0,Pop-Culture and Art,2,0,33,1,2,ego,0,1,0,under
9rpnegmp,7,0,6,0,11.0,Pop-Culture and Art,4,0,33,1,2,ego,0,1,0,under
9rpnegmp,8,0,5,0,11.0,Pop-Culture and Art,5,0,33,1,2,ego,0,1,0,under
9rpnegmp,9,0,4,0,11.0,Pop-Culture and Art,6,0,33,1,2,ego,0,1,0,under
9rpnegmp,10,0,2,0,11.0,Pop-Culture and Art,8,0,33,1,2,ego,0,1,0,under
9rpnegmp,11,0,2,0,11.0,Pop-Culture and Art,8,0,33,1,2,ego,0,1,0,under
9w15nflu,1,0,2,1,12.0,Pop-Culture and Art,8,1,33,1,2,ego,0,0,1,correct
9w15nflu,2,1,3,1,12.0,Pop-Culture and Art,7,1,33,1,2,ego,0,0,1,correct
9w15nflu,3,2,2,1,12.0,Pop-Culture and Art,8,1,33,1,2,ego,0,0,1,correct
9w15nflu,4,1,4,2,12.0,Pop-Culture and Art,6,1,33,1,2,ego,0,0,1,correct
9w15nflu,5,1,3,2,12.0,Pop-Culture and Art,7,1,33,1,2,ego,0,0,1,correct
9w15nflu,6,2,1,2,12.0,Pop-Culture and Art,9,1,33,1,2,ego,0,0,1,correct
9w15nflu,7,2,1,2,12.0,Pop-Culture and Art,9,1,33,1,2,ego,0,0,1,correct
9w15nflu,8,2,2,2,12.0,Pop-Culture and Art,8,1,33,1,2,ego,0,0,1,correct
9w15nflu,9,2,1,2,12.0,Pop-Culture and Art,9,1,33,1,2,ego,0,0,1,correct
9w15nflu,10,2,3,2,12.0,Pop-Culture and Art,7,1,33,1,2,ego,0,0,1,correct
9w15nflu,11,2,2,2,12.0,Pop-Culture and Art,8,1,33,1,2,ego,0,0,1,correct
bj048c8i,1,0,2,0,11.0,Pop-Culture and Art,8,0,75,1,2,ego,0,1,0,under
bj048c8i,2,1,3,0,11.0,Pop-Culture and Art,7,0,75,1,2,ego,0,1,0,under
bj048c8i,3,2,2,0,11.0,Pop-Culture and Art,8,0,75,1,2,ego,0,1,0,under
bj048c8i,4,2,0,0,11.0,Pop-Culture and Art,10,0,75,1,2,ego,0,1,0,under
bj048c8i,5,2,0,0,11.0,Pop-Culture and Art,10,0,75,1,2,ego,0,1,0,under
bj048c8i,6,2,1,0,11.0,Pop-Culture and Art,9,0,75,1,2,ego,0,1,0,under
bj048c8i,7,2,1,0,11.0,Pop-Culture and Art,9,0,75,1,2,ego,0,1,0,under
bj048c8i,8,2,2,0,11.0,Pop-Culture and Art,8,0,75,1,2,ego,0,1,0,under
bj048c8i,9,2,1,0,11.0,Pop-Culture and Art,9,0,75,1,2,ego,0,1,0,under
bj048c8i,10,2,3,0,11.0,Pop-Culture and Art,7,0,75,1,2,ego,0,1,0,under
bj048c8i,11,2,2,0,11.0,Pop-Culture and Art,8,0,75,1,2,ego,0,1,0,under
d37p2ydy,1,2,4,0,6.0,Pop-Culture and Art,6,0,33,1,2,ego,0,1,0,under
d37p2ydy,2,2,2,0,6.0,Pop-Culture and Art,8,0,33,1,2,ego,0,1,0,under
d37p2ydy,3,2,2,0,6.0,Pop-Culture and Art,8,0,33,1,2,ego,0,1,0,under
d37p2ydy,4,2,0,0,6.0,Pop-Culture and Art,10,0,33,1,2,ego,0,1,0,under
d37p2ydy,5,2,0,0,6.0,Pop-Culture and Art,10,0,33,1,2,ego,0,1,0,under
d37p2ydy,6,2,1,2,6.0,Pop-Culture and Art,9,0,33,1,2,ego,0,1,0,under
d37p2ydy,7,2,1,1,6.0,Pop-Culture and Art,9,0,33,1,2,ego,0,1,0,under
d37p2ydy,8,2,2,2,6.0,Pop-Culture and Art,8,0,33,1,2,ego,0,1,0,under
d37p2ydy,9,2,1,0,6.0,Pop-Culture and Art,9,0,33,1,2,ego,0,1,0,under
d37p2ydy,10,2,3,0,6.0,Pop-Culture and Art,7,0,33,1,2,ego,0,1,0,under
d37p2ydy,11,2,2,0,6.0,Pop-Culture and Art,8,0,33,1,2,ego,0,1,0,under
dxfg6c2i,1,0,2,0,9.0,Pop-Culture and Art,8,1,33,1,2,ego,0,0,1,correct
dxfg6c2i,2,1,3,0,9.0,Pop-Culture and Art,7,1,33,1,2,ego,0,0,1,correct
dxfg6c2i,3,0,5,2,9.0,Pop-Culture and Art,5,1,33,1,2,ego,0,0,1,correct
dxfg6c2i,4,1,4,1,9.0,Pop-Culture and Art,6,1,33,1,2,ego,0,0,1,correct
dxfg6c2i,5,0,2,2,9.0,Pop-Culture and Art,8,1,33,1,2,ego,0,0,1,correct
dxfg6c2i,6,0,8,2,9.0,Pop-Culture and Art,2,1,33,1,2,ego,0,0,1,correct
dxfg6c2i,7,1,5,1,9.0,Pop-Culture and Art,5,1,33,1,2,ego,0,0,1,correct
dxfg6c2i,8,2,2,0,9.0,Pop-Culture and Art,8,1,33,1,2,ego,0,0,1,correct
dxfg6c2i,9,0,4,1,9.0,Pop-Culture and Art,6,1,33,1,2,ego,0,0,1,correct
dxfg6c2i,10,1,3,1,9.0,Pop-Culture and Art,7,1,33,1,2,ego,0,0,1,correct
dxfg6c2i,11,0,2,1,9.0,Pop-Culture and Art,8,1,33,1,2,ego,0,0,1,correct
hp19zqeh,1,2,9,2,4.0,Pop-Culture and Art,1,0,33,0,2,ego,0,0,1,correct
hp19zqeh,2,1,5,2,4.0,Pop-Culture and Art,5,0,33,0,2,ego,0,0,1,correct
hp19zqeh,3,1,6,2,4.0,Pop-Culture and Art,4,0,33,0,2,ego,0,0,1,correct
hp19zqeh,4,1,0,2,4.0,Pop-Culture and Art,10,0,33,0,2,ego,0,0,1,correct
hp19zqeh,5,1,8,2,4.0,Pop-Culture and Art,2,0,33,0,2,ego,0,0,1,correct
hp19zqeh,6,2,3,2,4.0,Pop-Culture and Art,7,0,33,0,2,ego,0,0,1,correct
hp19zqeh,7,2,4,2,4.0,Pop-Culture and Art,6,0,33,0,2,ego,0,0,1,correct
hp19zqeh,8,1,4,2,4.0,Pop-Culture and Art,6,0,33,0,2,ego,0,0,1,correct
hp19zqeh,9,2,7,2,4.0,Pop-Culture and Art,3,0,33,0,2,ego,0,0,1,correct
hp19zqeh,10,1,3,2,4.0,Pop-Culture and Art,7,0,33,0,2,ego,0,0,1,correct
hp19zqeh,11,1,3,2,4.0,Pop-Culture and Art,7,0,33,0,2,ego,0,0,1,correct
inak0r18,1,0,2,2,7.0,Pop-Culture and Art,8,2,100,1,2,ego,1,0,0,over
inak0r18,2,1,3,2,7.0,Pop-Culture and Art,7,2,100,1,2,ego,1,0,0,over
inak0r18,3,0,5,2,7.0,Pop-Culture and Art,5,2,100,1,2,ego,1,0,0,over
inak0r18,4,2,0,2,7.0,Pop-Culture and Art,10,2,100,1,2,ego,1,0,0,over
inak0r18,5,0,2,2,7.0,Pop-Culture and Art,8,2,100,1,2,ego,1,0,0,over
inak0r18,6,1,3,2,7.0,Pop-Culture and Art,7,2,100,1,2,ego,1,0,0,over
inak0r18,7,0,6,2,7.0,Pop-Culture and Art,4,2,100,1,2,ego,1,0,0,over
inak0r18,8,2,2,2,7.0,Pop-Culture and Art,8,2,100,1,2,ego,1,0,0,over
inak0r18,9,0,4,2,7.0,Pop-Culture and Art,6,2,100,1,2,ego,1,0,0,over
inak0r18,10,1,3,2,7.0,Pop-Culture and Art,7,2,100,1,2,ego,1,0,0,over
inak0r18,11,2,2,2,7.0,Pop-Culture and Art,8,2,100,1,2,ego,1,0,0,over
j6ftwuzj,1,0,2,0,8.0,Pop-Culture and Art,8,0,33,1,2,ego,0,1,0,under
j6ftwuzj,2,0,6,0,8.0,Pop-Culture and Art,4,0,33,1,2,ego,0,1,0,under
j6ftwuzj,3,2,2,0,8.0,Pop-Culture and Art,8,0,33,1,2,ego,0,1,0,under
j6ftwuzj,4,1,4,0,8.0,Pop-Culture and Art,6,0,33,1,2,ego,0,1,0,under
j6ftwuzj,5,0,2,2,8.0,Pop-Culture and Art,8,0,33,1,2,ego,0,1,0,under
j6ftwuzj,6,2,1,2,8.0,Pop-Culture and Art,9,0,33,1,2,ego,0,1,0,under
j6ftwuzj,7,1,5,2,8.0,Pop-Culture and Art,5,0,33,1,2,ego,0,1,0,under
j6ftwuzj,8,2,2,2,8.0,Pop-Culture and Art,8,0,33,1,2,ego,0,1,0,under
j6ftwuzj,9,2,1,2,8.0,Pop-Culture and Art,9,0,33,1,2,ego,0,1,0,under
j6ftwuzj,10,2,3,2,8.0,Pop-Culture and Art,7,0,33,1,2,ego,0,1,0,under
j6ftwuzj,11,2,2,2,8.0,Pop-Culture and Art,8,0,33,1,2,ego,0,1,0,under
p1b4dbgv,1,0,2,2,12.0,Pop-Culture and Art,8,1,75,1,2,ego,0,0,1,correct
p1b4dbgv,2,1,3,2,12.0,Pop-Culture and Art,7,1,75,1,2,ego,0,0,1,correct
p1b4dbgv,3,2,2,2,12.0,Pop-Culture and Art,8,1,75,1,2,ego,0,0,1,correct
p1b4dbgv,4,2,0,2,12.0,Pop-Culture and Art,10,1,75,1,2,ego,0,0,1,correct
p1b4dbgv,5,1,3,2,12.0,Pop-Culture and Art,7,1,75,1,2,ego,0,0,1,correct
p1b4dbgv,6,0,8,2,12.0,Pop-Culture and Art,2,1,75,1,2,ego,0,0,1,correct
p1b4dbgv,7,2,1,2,12.0,Pop-Culture and Art,9,1,75,1,2,ego,0,0,1,correct
p1b4dbgv,8,2,2,2,12.0,Pop-Culture and Art,8,1,75,1,2,ego,0,0,1,correct
p1b4dbgv,9,2,1,2,12.0,Pop-Culture and Art,9,1,75,1,2,ego,0,0,1,correct
p1b4dbgv,10,2,3,2,12.0,Pop-Culture and Art,7,1,75,1,2,ego,0,0,1,correct
p1b4dbgv,11,2,2,2,12.0,Pop-Culture and Art,8,1,75,1,2,ego,0,0,1,correct
q9icrsb2,1,1,6,1,3.0,Pop-Culture and Art,4,0,75,0,2,ego,0,0,1,correct
q9icrsb2,2,1,5,1,3.0,Pop-Culture and Art,5,0,75,0,2,ego,0,0,1,correct
q9icrsb2,3,1,6,1,3.0,Pop-Culture and Art,4,0,75,0,2,ego,0,0,1,correct
q9icrsb2,4,1,0,1,3.0,Pop-Culture and Art,10,0,75,0,2,ego,0,0,1,correct
q9icrsb2,5,1,8,1,3.0,Pop-Culture and Art,2,0,75,0,2,ego,0,0,1,correct
q9icrsb2,6,0,4,1,3.0,Pop-Culture and Art,6,0,75,0,2,ego,0,0,1,correct
q9icrsb2,7,0,4,1,3.0,Pop-Culture and Art,6,0,75,0,2,ego,0,0,1,correct
q9icrsb2,8,1,4,1,3.0,Pop-Culture and Art,6,0,75,0,2,ego,0,0,1,correct
q9icrsb2,9,0,6,1,3.0,Pop-Culture and Art,4,0,75,0,2,ego,0,0,1,correct
q9icrsb2,10,1,3,1,3.0,Pop-Culture and Art,7,0,75,0,2,ego,0,0,1,correct
q9icrsb2,11,1,3,1,3.0,Pop-Culture and Art,7,0,75,0,2,ego,0,0,1,correct
szq917jn,1,1,1,0,7.0,Pop-Culture and Art,9,0,100,1,2,ego,0,1,0,under
szq917jn,2,0,6,0,7.0,Pop-Culture and Art,4,0,100,1,2,ego,0,1,0,under
szq917jn,3,0,5,1,7.0,Pop-Culture and Art,5,0,100,1,2,ego,0,1,0,under
szq917jn,4,2,0,0,7.0,Pop-Culture and Art,10,0,100,1,2,ego,0,1,0,under
szq917jn,5,2,0,0,7.0,Pop-Culture and Art,10,0,100,1,2,ego,0,1,0,under
szq917jn,6,2,1,0,7.0,Pop-Culture and Art,9,0,100,1,2,ego,0,1,0,under
szq917jn,7,1,5,0,7.0,Pop-Culture and Art,5,0,100,1,2,ego,0,1,0,under
szq917jn,8,0,5,1,7.0,Pop-Culture and Art,5,0,100,1,2,ego,0,1,0,under
szq917jn,9,2,1,0,7.0,Pop-Culture and Art,9,0,100,1,2,ego,0,1,0,under
szq917jn,10,2,3,0,7.0,Pop-Culture and Art,7,0,100,1,2,ego,0,1,0,under
szq917jn,11,0,2,1,7.0,Pop-Culture and Art,8,0,100,1,2,ego,0,1,0,under
xvmd7coq,1,0,5,0,4.0,Pop-Culture and Art,5,0,75,0,2,ego,0,0,1,correct
xvmd7coq,10,0,9,1,4.0,Pop-Culture and Art,1,0,75,0,2,ego,0,0,1,correct
xvmd7coq,11,1,3,1,4.0,Pop-Culture and Art,7,0,75,0,2,ego,0,0,1,correct
xvmd7coq,2,0,7,0,4.0,Pop-Culture and Art,3,0,75,0,2,ego,0,0,1,correct
xvmd7coq,3,0,7,1,4.0,Pop-Culture and Art,3,0,75,0,2,ego,0,0,1,correct
xvmd7coq,4,1,0,1,4.0,Pop-Culture and Art,10,0,75,0,2,ego,0,0,1,correct
xvmd7coq,5,1,8,1,4.0,Pop-Culture and Art,2,0,75,0,2,ego,0,0,1,correct
xvmd7coq,6,2,3,1,4.0,Pop-Culture and Art,7,0,75,0,2,ego,0,0,1,correct
xvmd7coq,7,1,7,1,4.0,Pop-Culture and Art,3,0,75,0,2,ego,0,0,1,correct
xvmd7coq,8,0,7,0,4.0,Pop-Culture and Art,3,0,75,0,2,ego,0,0,1,correct
xvmd7coq,9,1,7,0,4.0,Pop-Culture and Art,3,0,75,0,2,ego,0,0,1,correct
z6bycrw5,1,1,1,1,11.0,Pop-Culture and Art,9,1,100,1,2,ego,0,0,1,correct
z6bycrw5,2,0,6,1,11.0,Pop-Culture and Art,4,1,100,1,2,ego,0,0,1,correct
z6bycrw5,3,1,3,2,11.0,Pop-Culture and Art,7,1,100,1,2,ego,0,0,1,correct
z6bycrw5,4,0,3,2,11.0,Pop-Culture and Art,7,1,100,1,2,ego,0,0,1,correct
z6bycrw5,5,2,0,2,11.0,Pop-Culture and Art,10,1,100,1,2,ego,0,0,1,correct
z6bycrw5,6,2,1,2,11.0,Pop-Culture and Art,9,1,100,1,2,ego,0,0,1,correct
z6bycrw5,7,1,5,2,11.0,Pop-Culture and Art,5,1,100,1,2,ego,0,0,1,correct
z6bycrw5,8,2,2,2,11.0,Pop-Culture and Art,8,1,100,1,2,ego,0,0,1,correct
z6bycrw5,9,0,4,2,11.0,Pop-Culture and Art,6,1,100,1,2,ego,0,0,1,correct
z6bycrw5,10,2,3,2,11.0,Pop-Culture and Art,7,1,100,1,2,ego,0,0,1,correct
z6bycrw5,11,0,2,1,11.0,Pop-Culture and Art,8,1,100,1,2,ego,0,0,1,correct
0zs7j0mw,1,0,8,1,7.0,Sports and Video Games,2,1,50,1,0,ego,0,0,1,correct
0zs7j0mw,2,0,4,2,7.0,Sports and Video Games,6,1,50,1,0,ego,0,0,1,correct
0zs7j0mw,3,1,7,2,7.0,Sports and Video Games,3,1,50,1,0,ego,0,0,1,correct
0zs7j0mw,4,0,7,0,7.0,Sports and Video Games,3,1,50,1,0,ego,0,0,1,correct
0zs7j0mw,5,1,8,2,7.0,Sports and Video Games,2,1,50,1,0,ego,0,0,1,correct
0zs7j0mw,6,0,2,2,7.0,Sports and Video Games,8,1,50,1,0,ego,0,0,1,correct
0zs7j0mw,7,1,5,1,7.0,Sports and Video Games,5,1,50,1,0,ego,0,0,1,correct
0zs7j0mw,8,0,5,0,7.0,Sports and Video Games,5,1,50,1,0,ego,0,0,1,correct
0zs7j0mw,9,0,6,2,7.0,Sports and Video Games,4,1,50,1,0,ego,0,0,1,correct
0zs7j0mw,10,1,7,1,7.0,Sports and Video Games,3,1,50,1,0,ego,0,0,1,correct
0zs7j0mw,11,0,6,1,7.0,Sports and Video Games,4,1,50,1,0,ego,0,0,1,correct
13f4qqvo,1,1,9,2,9.0,Sports and Video Games,1,2,100,1,0,ego,1,0,0,over
13f4qqvo,2,0,4,2,9.0,Sports and Video Games,6,2,100,1,0,ego,1,0,0,over
13f4qqvo,3,1,7,1,9.0,Sports and Video Games,3,2,100,1,0,ego,1,0,0,over
13f4qqvo,4,0,7,1,9.0,Sports and Video Games,3,2,100,1,0,ego,1,0,0,over
13f4qqvo,5,0,8,0,9.0,Sports and Video Games,2,2,100,1,0,ego,1,0,0,over
13f4qqvo,6,1,8,1,9.0,Sports and Video Games,2,2,100,1,0,ego,1,0,0,over
13f4qqvo,7,0,3,1,9.0,Sports and Video Games,7,2,100,1,0,ego,1,0,0,over
13f4qqvo,8,0,5,1,9.0,Sports and Video Games,5,2,100,1,0,ego,1,0,0,over
13f4qqvo,9,0,6,1,9.0,Sports and Video Games,4,2,100,1,0,ego,1,0,0,over
13f4qqvo,10,1,7,1,9.0,Sports and Video Games,3,2,100,1,0,ego,1,0,0,over
13f4qqvo,11,0,6,1,9.0,Sports and Video Games,4,2,100,1,0,ego,1,0,0,over
1c7v4nh9,1,1,9,1,14.0,Sports and Video Games,1,1,75,1,0,ego,0,0,1,correct
1c7v4nh9,2,0,4,1,14.0,Sports and Video Games,6,1,75,1,0,ego,0,0,1,correct
1c7v4nh9,3,0,5,1,14.0,Sports and Video Games,5,1,75,1,0,ego,0,0,1,correct
1c7v4nh9,4,2,10,1,14.0,Sports and Video Games,0,1,75,1,0,ego,0,0,1,correct
1c7v4nh9,5,1,8,1,14.0,Sports and Video Games,2,1,75,1,0,ego,0,0,1,correct
1c7v4nh9,6,0,2,1,14.0,Sports and Video Games,8,1,75,1,0,ego,0,0,1,correct
1c7v4nh9,7,0,3,1,14.0,Sports and Video Games,7,1,75,1,0,ego,0,0,1,correct
1c7v4nh9,8,0,5,1,14.0,Sports and Video Games,5,1,75,1,0,ego,0,0,1,correct
1c7v4nh9,9,0,6,1,14.0,Sports and Video Games,4,1,75,1,0,ego,0,0,1,correct
1c7v4nh9,10,0,8,1,14.0,Sports and Video Games,2,1,75,1,0,ego,0,0,1,correct
1c7v4nh9,11,1,8,1,14.0,Sports and Video Games,2,1,75,1,0,ego,0,0,1,correct
28arcsnx,1,1,9,1,7.0,Sports and Video Games,1,1,50,1,0,ego,0,0,1,correct
28arcsnx,2,0,4,0,7.0,Sports and Video Games,6,1,50,1,0,ego,0,0,1,correct
28arcsnx,3,0,5,0,7.0,Sports and Video Games,5,1,50,1,0,ego,0,0,1,correct
28arcsnx,4,0,7,0,7.0,Sports and Video Games,3,1,50,1,0,ego,0,0,1,correct
28arcsnx,5,0,8,2,7.0,Sports and Video Games,2,1,50,1,0,ego,0,0,1,correct
28arcsnx,6,2,10,0,7.0,Sports and Video Games,0,1,50,1,0,ego,0,0,1,correct
28arcsnx,7,0,3,0,7.0,Sports and Video Games,7,1,50,1,0,ego,0,0,1,correct
28arcsnx,8,0,5,0,7.0,Sports and Video Games,5,1,50,1,0,ego,0,0,1,correct
28arcsnx,9,0,6,0,7.0,Sports and Video Games,4,1,50,1,0,ego,0,0,1,correct
28arcsnx,10,0,8,0,7.0,Sports and Video Games,2,1,50,1,0,ego,0,0,1,correct
28arcsnx,11,0,6,1,7.0,Sports and Video Games,4,1,50,1,0,ego,0,0,1,correct
49lqkk00,1,1,9,1,12.0,Sports and Video Games,1,0,33,1,0,ego,0,1,0,under
49lqkk00,2,1,7,2,12.0,Sports and Video Games,3,0,33,1,0,ego,0,1,0,under
49lqkk00,3,2,10,2,12.0,Sports and Video Games,0,0,33,1,0,ego,0,1,0,under
49lqkk00,4,0,7,1,12.0,Sports and Video Games,3,0,33,1,0,ego,0,1,0,under
49lqkk00,5,0,8,0,12.0,Sports and Video Games,2,0,33,1,0,ego,0,1,0,under
49lqkk00,6,1,8,1,12.0,Sports and Video Games,2,0,33,1,0,ego,0,1,0,under
49lqkk00,7,2,10,1,12.0,Sports and Video Games,0,0,33,1,0,ego,0,1,0,under
49lqkk00,8,2,10,0,12.0,Sports and Video Games,0,0,33,1,0,ego,0,1,0,under
49lqkk00,9,1,5,0,12.0,Sports and Video Games,5,0,33,1,0,ego,0,1,0,under
49lqkk00,10,2,10,1,12.0,Sports and Video Games,0,0,33,1,0,ego,0,1,0,under
49lqkk00,11,0,6,1,12.0,Sports and Video Games,4,0,33,1,0,ego,0,1,0,under
72o8c5bk,1,0,8,2,6.0,Sports and Video Games,2,2,100,1,0,ego,1,0,0,over
72o8c5bk,2,0,4,2,6.0,Sports and Video Games,6,2,100,1,0,ego,1,0,0,over
72o8c5bk,3,1,7,2,6.0,Sports and Video Games,3,2,100,1,0,ego,1,0,0,over
72o8c5bk,4,2,10,2,6.0,Sports and Video Games,0,2,100,1,0,ego,1,0,0,over
72o8c5bk,5,1,8,1,6.0,Sports and Video Games,2,2,100,1,0,ego,1,0,0,over
72o8c5bk,6,1,8,1,6.0,Sports and Video Games,2,2,100,1,0,ego,1,0,0,over
72o8c5bk,7,2,10,1,6.0,Sports and Video Games,0,2,100,1,0,ego,1,0,0,over
72o8c5bk,8,0,5,2,6.0,Sports and Video Games,5,2,100,1,0,ego,1,0,0,over
72o8c5bk,9,2,9,2,6.0,Sports and Video Games,1,2,100,1,0,ego,1,0,0,over
72o8c5bk,10,1,7,1,6.0,Sports and Video Games,3,2,100,1,0,ego,1,0,0,over
72o8c5bk,11,1,8,0,6.0,Sports and Video Games,2,2,100,1,0,ego,1,0,0,over
78jeza78,1,0,9,0,5.0,Sports and Video Games,1,0,100,0,0,ego,0,0,1,correct
78jeza78,2,1,9,0,5.0,Sports and Video Games,1,0,100,0,0,ego,0,0,1,correct
78jeza78,3,2,9,0,5.0,Sports and Video Games,1,0,100,0,0,ego,0,0,1,correct
78jeza78,4,2,10,1,5.0,Sports and Video Games,0,0,100,0,0,ego,0,0,1,correct
78jeza78,5,1,10,0,5.0,Sports and Video Games,0,0,100,0,0,ego,0,0,1,correct
78jeza78,6,0,8,0,5.0,Sports and Video Games,2,0,100,0,0,ego,0,0,1,correct
78jeza78,7,2,10,0,5.0,Sports and Video Games,0,0,100,0,0,ego,0,0,1,correct
78jeza78,8,1,9,0,5.0,Sports and Video Games,1,0,100,0,0,ego,0,0,1,correct
78jeza78,9,0,9,0,5.0,Sports and Video Games,1,0,100,0,0,ego,0,0,1,correct
78jeza78,10,0,9,0,5.0,Sports and Video Games,1,0,100,0,0,ego,0,0,1,correct
78jeza78,11,1,9,0,5.0,Sports and Video Games,1,0,100,0,0,ego,0,0,1,correct
7ebbfqqg,1,1,9,2,13.0,Sports and Video Games,1,2,75,1,0,ego,1,0,0,over
7ebbfqqg,10,0,8,0,13.0,Sports and Video Games,2,2,75,1,0,ego,1,0,0,over
7ebbfqqg,11,0,6,0,13.0,Sports and Video Games,4,2,75,1,0,ego,1,0,0,over
7ebbfqqg,2,1,7,0,13.0,Sports and Video Games,3,2,75,1,0,ego,1,0,0,over
7ebbfqqg,3,0,5,0,13.0,Sports and Video Games,5,2,75,1,0,ego,1,0,0,over
7ebbfqqg,4,0,7,2,13.0,Sports and Video Games,3,2,75,1,0,ego,1,0,0,over
7ebbfqqg,5,0,8,2,13.0,Sports and Video Games,2,2,75,1,0,ego,1,0,0,over
7ebbfqqg,6,0,2,0,13.0,Sports and Video Games,8,2,75,1,0,ego,1,0,0,over
7ebbfqqg,7,0,3,2,13.0,Sports and Video Games,7,2,75,1,0,ego,1,0,0,over
7ebbfqqg,8,0,5,2,13.0,Sports and Video Games,5,2,75,1,0,ego,1,0,0,over
7ebbfqqg,9,0,6,2,13.0,Sports and Video Games,4,2,75,1,0,ego,1,0,0,over
9rpnegmp,1,1,9,1,11.0,Sports and Video Games,1,1,50,1,0,ego,0,0,1,correct
9rpnegmp,10,1,7,1,11.0,Sports and Video Games,3,1,50,1,0,ego,0,0,1,correct
9rpnegmp,11,0,6,1,11.0,Sports and Video Games,4,1,50,1,0,ego,0,0,1,correct
9rpnegmp,2,1,7,2,11.0,Sports and Video Games,3,1,50,1,0,ego,0,0,1,correct
9rpnegmp,3,2,10,2,11.0,Sports and Video Games,0,1,50,1,0,ego,0,0,1,correct
9rpnegmp,4,0,7,2,11.0,Sports and Video Games,3,1,50,1,0,ego,0,0,1,correct
9rpnegmp,5,0,8,1,11.0,Sports and Video Games,2,1,50,1,0,ego,0,0,1,correct
9rpnegmp,6,0,2,1,11.0,Sports and Video Games,8,1,50,1,0,ego,0,0,1,correct
9rpnegmp,7,0,3,1,11.0,Sports and Video Games,7,1,50,1,0,ego,0,0,1,correct
9rpnegmp,8,0,5,1,11.0,Sports and Video Games,5,1,50,1,0,ego,0,0,1,correct
9rpnegmp,9,0,6,1,11.0,Sports and Video Games,4,1,50,1,0,ego,0,0,1,correct
9w15nflu,1,1,9,2,11.0,Sports and Video Games,1,1,75,1,0,ego,0,0,1,correct
9w15nflu,2,1,7,1,11.0,Sports and Video Games,3,1,75,1,0,ego,0,0,1,correct
9w15nflu,3,0,5,1,11.0,Sports and Video Games,5,1,75,1,0,ego,0,0,1,correct
9w15nflu,4,2,10,1,11.0,Sports and Video Games,0,1,75,1,0,ego,0,0,1,correct
9w15nflu,5,2,10,0,11.0,Sports and Video Games,0,1,75,1,0,ego,0,0,1,correct
9w15nflu,6,1,8,0,11.0,Sports and Video Games,2,1,75,1,0,ego,0,0,1,correct
9w15nflu,7,0,3,1,11.0,Sports and Video Games,7,1,75,1,0,ego,0,0,1,correct
9w15nflu,8,0,5,2,11.0,Sports and Video Games,5,1,75,1,0,ego,0,0,1,correct
9w15nflu,9,0,6,2,11.0,Sports and Video Games,4,1,75,1,0,ego,0,0,1,correct
9w15nflu,10,0,8,1,11.0,Sports and Video Games,2,1,75,1,0,ego,0,0,1,correct
9w15nflu,11,0,6,2,11.0,Sports and Video Games,4,1,75,1,0,ego,0,0,1,correct
bj048c8i,1,0,8,0,13.0,Sports and Video Games,2,0,75,1,0,ego,0,1,0,under
bj048c8i,2,2,8,0,13.0,Sports and Video Games,2,0,75,1,0,ego,0,1,0,under
bj048c8i,3,1,7,1,13.0,Sports and Video Games,3,0,75,1,0,ego,0,1,0,under
bj048c8i,4,0,7,1,13.0,Sports and Video Games,3,0,75,1,0,ego,0,1,0,under
bj048c8i,5,1,8,2,13.0,Sports and Video Games,2,0,75,1,0,ego,0,1,0,under
bj048c8i,6,0,2,2,13.0,Sports and Video Games,8,0,75,1,0,ego,0,1,0,under
bj048c8i,7,0,3,2,13.0,Sports and Video Games,7,0,75,1,0,ego,0,1,0,under
bj048c8i,8,0,5,2,13.0,Sports and Video Games,5,0,75,1,0,ego,0,1,0,under
bj048c8i,9,0,6,2,13.0,Sports and Video Games,4,0,75,1,0,ego,0,1,0,under
bj048c8i,10,2,10,2,13.0,Sports and Video Games,0,0,75,1,0,ego,0,1,0,under
bj048c8i,11,1,8,2,13.0,Sports and Video Games,2,0,75,1,0,ego,0,1,0,under
d37p2ydy,1,2,10,0,5.0,Sports and Video Games,0,0,33,0,0,ego,0,0,1,correct
d37p2ydy,2,1,9,0,5.0,Sports and Video Games,1,0,33,0,0,ego,0,0,1,correct
d37p2ydy,3,0,9,0,5.0,Sports and Video Games,1,0,33,0,0,ego,0,0,1,correct
d37p2ydy,4,1,10,0,5.0,Sports and Video Games,0,0,33,0,0,ego,0,0,1,correct
d37p2ydy,5,2,10,0,5.0,Sports and Video Games,0,0,33,0,0,ego,0,0,1,correct
d37p2ydy,6,0,8,1,5.0,Sports and Video Games,2,0,33,0,0,ego,0,0,1,correct
d37p2ydy,7,1,10,1,5.0,Sports and Video Games,0,0,33,0,0,ego,0,0,1,correct
d37p2ydy,8,0,9,1,5.0,Sports and Video Games,1,0,33,0,0,ego,0,0,1,correct
d37p2ydy,9,2,10,0,5.0,Sports and Video Games,0,0,33,0,0,ego,0,0,1,correct
d37p2ydy,10,0,9,0,5.0,Sports and Video Games,1,0,33,0,0,ego,0,0,1,correct
d37p2ydy,11,1,9,0,5.0,Sports and Video Games,1,0,33,0,0,ego,0,0,1,correct
dxfg6c2i,1,2,9,2,12.0,Sports and Video Games,1,2,75,1,0,ego,1,0,0,over
dxfg6c2i,2,1,7,2,12.0,Sports and Video Games,3,2,75,1,0,ego,1,0,0,over
dxfg6c2i,3,0,5,2,12.0,Sports and Video Games,5,2,75,1,0,ego,1,0,0,over
dxfg6c2i,4,2,10,2,12.0,Sports and Video Games,0,2,75,1,0,ego,1,0,0,over
dxfg6c2i,5,0,8,2,12.0,Sports and Video Games,2,2,75,1,0,ego,1,0,0,over
dxfg6c2i,6,1,8,1,12.0,Sports and Video Games,2,2,75,1,0,ego,1,0,0,over
dxfg6c2i,7,0,3,2,12.0,Sports and Video Games,7,2,75,1,0,ego,1,0,0,over
dxfg6c2i,8,1,6,1,12.0,Sports and Video Games,4,2,75,1,0,ego,1,0,0,over
dxfg6c2i,9,0,6,2,12.0,Sports and Video Games,4,2,75,1,0,ego,1,0,0,over
dxfg6c2i,10,2,10,0,12.0,Sports and Video Games,0,2,75,1,0,ego,1,0,0,over
dxfg6c2i,11,2,9,1,12.0,Sports and Video Games,1,2,75,1,0,ego,1,0,0,over
hp19zqeh,1,0,9,0,4.0,Sports and Video Games,1,0,33,0,0,ego,0,0,1,correct
hp19zqeh,10,2,10,2,4.0,Sports and Video Games,0,0,33,0,0,ego,0,0,1,correct
hp19zqeh,11,2,9,2,4.0,Sports and Video Games,1,0,33,0,0,ego,0,0,1,correct
hp19zqeh,2,0,9,2,4.0,Sports and Video Games,1,0,33,0,0,ego,0,0,1,correct
hp19zqeh,3,1,9,0,4.0,Sports and Video Games,1,0,33,0,0,ego,0,0,1,correct
hp19zqeh,4,0,10,1,4.0,Sports and Video Games,0,0,33,0,0,ego,0,0,1,correct
hp19zqeh,5,0,6,0,4.0,Sports and Video Games,4,0,33,0,0,ego,0,0,1,correct
hp19zqeh,6,2,10,0,4.0,Sports and Video Games,0,0,33,0,0,ego,0,0,1,correct
hp19zqeh,7,0,7,1,4.0,Sports and Video Games,3,0,33,0,0,ego,0,0,1,correct
hp19zqeh,8,0,9,2,4.0,Sports and Video Games,1,0,33,0,0,ego,0,0,1,correct
hp19zqeh,9,0,9,2,4.0,Sports and Video Games,1,0,33,0,0,ego,0,0,1,correct
inak0r18,1,2,10,0,4.0,Sports and Video Games,0,0,75,0,0,ego,0,0,1,correct
inak0r18,2,0,9,0,4.0,Sports and Video Games,1,0,75,0,0,ego,0,0,1,correct
inak0r18,3,1,9,0,4.0,Sports and Video Games,1,0,75,0,0,ego,0,0,1,correct
inak0r18,4,2,10,0,4.0,Sports and Video Games,0,0,75,0,0,ego,0,0,1,correct
inak0r18,5,0,6,0,4.0,Sports and Video Games,4,0,75,0,0,ego,0,0,1,correct
inak0r18,6,2,10,1,4.0,Sports and Video Games,0,0,75,0,0,ego,0,0,1,correct
inak0r18,7,2,10,2,4.0,Sports and Video Games,0,0,75,0,0,ego,0,0,1,correct
inak0r18,8,2,10,0,4.0,Sports and Video Games,0,0,75,0,0,ego,0,0,1,correct
inak0r18,9,0,9,0,4.0,Sports and Video Games,1,0,75,0,0,ego,0,0,1,correct
inak0r18,10,1,10,0,4.0,Sports and Video Games,0,0,75,0,0,ego,0,0,1,correct
inak0r18,11,2,9,2,4.0,Sports and Video Games,1,0,75,0,0,ego,0,0,1,correct
j6ftwuzj,1,2,9,1,9.0,Sports and Video Games,1,1,75,1,0,ego,0,0,1,correct
j6ftwuzj,2,1,7,1,9.0,Sports and Video Games,3,1,75,1,0,ego,0,0,1,correct
j6ftwuzj,3,0,5,1,9.0,Sports and Video Games,5,1,75,1,0,ego,0,0,1,correct
j6ftwuzj,4,0,7,2,9.0,Sports and Video Games,3,1,75,1,0,ego,0,0,1,correct
j6ftwuzj,5,2,10,2,9.0,Sports and Video Games,0,1,75,1,0,ego,0,0,1,correct
j6ftwuzj,6,1,8,2,9.0,Sports and Video Games,2,1,75,1,0,ego,0,0,1,correct
j6ftwuzj,7,2,10,0,9.0,Sports and Video Games,0,1,75,1,0,ego,0,0,1,correct
j6ftwuzj,8,0,5,2,9.0,Sports and Video Games,5,1,75,1,0,ego,0,0,1,correct
j6ftwuzj,9,1,5,2,9.0,Sports and Video Games,5,1,75,1,0,ego,0,0,1,correct
j6ftwuzj,10,1,7,2,9.0,Sports and Video Games,3,1,75,1,0,ego,0,0,1,correct
j6ftwuzj,11,1,8,2,9.0,Sports and Video Games,2,1,75,1,0,ego,0,0,1,correct
p1b4dbgv,1,0,8,0,8.0,Sports and Video Games,2,0,33,1,0,ego,0,1,0,under
p1b4dbgv,2,1,7,1,8.0,Sports and Video Games,3,0,33,1,0,ego,0,1,0,under
p1b4dbgv,3,1,7,1,8.0,Sports and Video Games,3,0,33,1,0,ego,0,1,0,under
p1b4dbgv,4,1,6,0,8.0,Sports and Video Games,4,0,33,1,0,ego,0,1,0,under
p1b4dbgv,5,2,10,0,8.0,Sports and Video Games,0,0,33,1,0,ego,0,1,0,under
p1b4dbgv,6,2,10,1,8.0,Sports and Video Games,0,0,33,1,0,ego,0,1,0,under
p1b4dbgv,7,2,10,2,8.0,Sports and Video Games,0,0,33,1,0,ego,0,1,0,under
p1b4dbgv,8,1,6,1,8.0,Sports and Video Games,4,0,33,1,0,ego,0,1,0,under
p1b4dbgv,9,1,5,2,8.0,Sports and Video Games,5,0,33,1,0,ego,0,1,0,under
p1b4dbgv,10,1,7,2,8.0,Sports and Video Games,3,0,33,1,0,ego,0,1,0,under
p1b4dbgv,11,1,8,2,8.0,Sports and Video Games,2,0,33,1,0,ego,0,1,0,under
q9icrsb2,1,1,10,1,4.0,Sports and Video Games,0,0,75,0,0,ego,0,0,1,correct
q9icrsb2,2,0,9,1,4.0,Sports and Video Games,1,0,75,0,0,ego,0,0,1,correct
q9icrsb2,3,0,9,0,4.0,Sports and Video Games,1,0,75,0,0,ego,0,0,1,correct
q9icrsb2,4,2,10,0,4.0,Sports and Video Games,0,0,75,0,0,ego,0,0,1,correct
q9icrsb2,5,0,6,2,4.0,Sports and Video Games,4,0,75,0,0,ego,0,0,1,correct
q9icrsb2,6,1,9,2,4.0,Sports and Video Games,1,0,75,0,0,ego,0,0,1,correct
q9icrsb2,7,0,7,1,4.0,Sports and Video Games,3,0,75,0,0,ego,0,0,1,correct
q9icrsb2,8,2,10,1,4.0,Sports and Video Games,0,0,75,0,0,ego,0,0,1,correct
q9icrsb2,9,0,9,2,4.0,Sports and Video Games,1,0,75,0,0,ego,0,0,1,correct
q9icrsb2,10,0,9,0,4.0,Sports and Video Games,1,0,75,0,0,ego,0,0,1,correct
q9icrsb2,11,2,9,0,4.0,Sports and Video Games,1,0,75,0,0,ego,0,0,1,correct
szq917jn,1,1,10,1,4.0,Sports and Video Games,0,0,100,0,0,ego,0,0,1,correct
szq917jn,2,0,9,0,4.0,Sports and Video Games,1,0,100,0,0,ego,0,0,1,correct
szq917jn,3,2,9,0,4.0,Sports and Video Games,1,0,100,0,0,ego,0,0,1,correct
szq917jn,4,2,10,2,4.0,Sports and Video Games,0,0,100,0,0,ego,0,0,1,correct
szq917jn,5,1,10,0,4.0,Sports and Video Games,0,0,100,0,0,ego,0,0,1,correct
szq917jn,6,1,9,1,4.0,Sports and Video Games,1,0,100,0,0,ego,0,0,1,correct
szq917jn,7,0,7,2,4.0,Sports and Video Games,3,0,100,0,0,ego,0,0,1,correct
szq917jn,8,1,9,2,4.0,Sports and Video Games,1,0,100,0,0,ego,0,0,1,correct
szq917jn,9,2,10,1,4.0,Sports and Video Games,0,0,100,0,0,ego,0,0,1,correct
szq917jn,10,2,10,2,4.0,Sports and Video Games,0,0,100,0,0,ego,0,0,1,correct
szq917jn,11,0,7,2,4.0,Sports and Video Games,3,0,100,0,0,ego,0,0,1,correct
xvmd7coq,1,2,9,0,7.0,Sports and Video Games,1,1,33,1,0,ego,0,0,1,correct
xvmd7coq,2,0,4,0,7.0,Sports and Video Games,6,1,33,1,0,ego,0,0,1,correct
xvmd7coq,3,0,5,1,7.0,Sports and Video Games,5,1,33,1,0,ego,0,0,1,correct
xvmd7coq,4,0,7,2,7.0,Sports and Video Games,3,1,33,1,0,ego,0,0,1,correct
xvmd7coq,5,0,8,0,7.0,Sports and Video Games,2,1,33,1,0,ego,0,0,1,correct
xvmd7coq,6,1,8,0,7.0,Sports and Video Games,2,1,33,1,0,ego,0,0,1,correct
xvmd7coq,7,0,3,1,7.0,Sports and Video Games,7,1,33,1,0,ego,0,0,1,correct
xvmd7coq,8,0,5,1,7.0,Sports and Video Games,5,1,33,1,0,ego,0,0,1,correct
xvmd7coq,9,0,6,1,7.0,Sports and Video Games,4,1,33,1,0,ego,0,0,1,correct
xvmd7coq,10,0,8,1,7.0,Sports and Video Games,2,1,33,1,0,ego,0,0,1,correct
xvmd7coq,11,1,8,0,7.0,Sports and Video Games,2,1,33,1,0,ego,0,0,1,correct
z6bycrw5,1,1,9,0,7.0,Sports and Video Games,1,0,50,1,0,ego,0,1,0,under
z6bycrw5,10,2,10,0,7.0,Sports and Video Games,0,0,50,1,0,ego,0,1,0,under
z6bycrw5,11,0,6,1,7.0,Sports and Video Games,4,0,50,1,0,ego,0,1,0,under
z6bycrw5,2,0,4,1,7.0,Sports and Video Games,6,0,50,1,0,ego,0,1,0,under
z6bycrw5,3,1,7,1,7.0,Sports and Video Games,3,0,50,1,0,ego,0,1,0,under
z6bycrw5,4,2,10,2,7.0,Sports and Video Games,0,0,50,1,0,ego,0,1,0,under
z6bycrw5,5,0,8,0,7.0,Sports and Video Games,2,0,50,1,0,ego,0,1,0,under
z6bycrw5,6,0,2,1,7.0,Sports and Video Games,8,0,50,1,0,ego,0,1,0,under
z6bycrw5,7,1,5,1,7.0,Sports and Video Games,5,0,50,1,0,ego,0,1,0,under
z6bycrw5,8,1,6,2,7.0,Sports and Video Games,4,0,50,1,0,ego,0,1,0,under
z6bycrw5,9,1,5,2,7.0,Sports and Video Games,5,0,50,1,0,ego,0,1,0,under
0zs7j0mw,1,0,6,1,10.0,US Geography,4,1,33,1,1,ego,0,0,1,correct
0zs7j0mw,2,1,3,2,10.0,US Geography,7,1,33,1,1,ego,0,0,1,correct
0zs7j0mw,3,1,3,2,10.0,US Geography,7,1,33,1,1,ego,0,0,1,correct
0zs7j0mw,4,1,4,1,10.0,US Geography,6,1,33,1,1,ego,0,0,1,correct
0zs7j0mw,5,2,6,2,10.0,US Geography,4,1,33,1,1,ego,0,0,1,correct
0zs7j0mw,6,0,2,2,10.0,US Geography,8,1,33,1,1,ego,0,0,1,correct
0zs7j0mw,7,0,2,2,10.0,US Geography,8,1,33,1,1,ego,0,0,1,correct
0zs7j0mw,8,1,4,1,10.0,US Geography,6,1,33,1,1,ego,0,0,1,correct
0zs7j0mw,9,0,6,0,10.0,US Geography,4,1,33,1,1,ego,0,0,1,correct
0zs7j0mw,10,0,8,2,10.0,US Geography,2,1,33,1,1,ego,0,0,1,correct
0zs7j0mw,11,1,3,1,10.0,US Geography,7,1,33,1,1,ego,0,0,1,correct
13f4qqvo,1,1,1,2,10.0,US Geography,9,2,100,1,1,ego,1,0,0,over
13f4qqvo,10,1,3,2,10.0,US Geography,7,2,100,1,1,ego,1,0,0,over
13f4qqvo,11,0,6,2,10.0,US Geography,4,2,100,1,1,ego,1,0,0,over
13f4qqvo,2,2,4,2,10.0,US Geography,6,2,100,1,1,ego,1,0,0,over
13f4qqvo,3,1,3,2,10.0,US Geography,7,2,100,1,1,ego,1,0,0,over
13f4qqvo,4,1,4,2,10.0,US Geography,6,2,100,1,1,ego,1,0,0,over
13f4qqvo,5,1,4,2,10.0,US Geography,6,2,100,1,1,ego,1,0,0,over
13f4qqvo,6,0,2,2,10.0,US Geography,8,2,100,1,1,ego,1,0,0,over
13f4qqvo,7,0,2,2,10.0,US Geography,8,2,100,1,1,ego,1,0,0,over
13f4qqvo,8,1,4,2,10.0,US Geography,6,2,100,1,1,ego,1,0,0,over
13f4qqvo,9,1,5,2,10.0,US Geography,5,2,100,1,1,ego,1,0,0,over
1c7v4nh9,1,1,1,1,9.0,US Geography,9,1,75,1,1,ego,0,0,1,correct
1c7v4nh9,2,1,3,1,9.0,US Geography,7,1,75,1,1,ego,0,0,1,correct
1c7v4nh9,3,2,3,2,9.0,US Geography,7,1,75,1,1,ego,0,0,1,correct
1c7v4nh9,4,1,4,1,9.0,US Geography,6,1,75,1,1,ego,0,0,1,correct
1c7v4nh9,5,1,4,1,9.0,US Geography,6,1,75,1,1,ego,0,0,1,correct
1c7v4nh9,6,1,3,1,9.0,US Geography,7,1,75,1,1,ego,0,0,1,correct
1c7v4nh9,7,1,5,1,9.0,US Geography,5,1,75,1,1,ego,0,0,1,correct
1c7v4nh9,8,2,6,1,9.0,US Geography,4,1,75,1,1,ego,0,0,1,correct
1c7v4nh9,9,2,5,1,9.0,US Geography,5,1,75,1,1,ego,0,0,1,correct
1c7v4nh9,10,2,3,1,9.0,US Geography,7,1,75,1,1,ego,0,0,1,correct
1c7v4nh9,11,1,3,1,9.0,US Geography,7,1,75,1,1,ego,0,0,1,correct
28arcsnx,1,0,6,1,8.0,US Geography,4,1,75,1,1,ego,0,0,1,correct
28arcsnx,10,1,3,1,8.0,US Geography,7,1,75,1,1,ego,0,0,1,correct
28arcsnx,11,1,3,1,8.0,US Geography,7,1,75,1,1,ego,0,0,1,correct
28arcsnx,2,1,3,1,8.0,US Geography,7,1,75,1,1,ego,0,0,1,correct
28arcsnx,3,1,3,1,8.0,US Geography,7,1,75,1,1,ego,0,0,1,correct
28arcsnx,4,1,4,1,8.0,US Geography,6,1,75,1,1,ego,0,0,1,correct
28arcsnx,5,1,4,1,8.0,US Geography,6,1,75,1,1,ego,0,0,1,correct
28arcsnx,6,0,2,2,8.0,US Geography,8,1,75,1,1,ego,0,0,1,correct
28arcsnx,7,0,2,2,8.0,US Geography,8,1,75,1,1,ego,0,0,1,correct
28arcsnx,8,0,5,2,8.0,US Geography,5,1,75,1,1,ego,0,0,1,correct
28arcsnx,9,0,6,2,8.0,US Geography,4,1,75,1,1,ego,0,0,1,correct
49lqkk00,1,0,6,1,9.0,US Geography,4,1,50,1,1,ego,0,0,1,correct
49lqkk00,2,1,3,2,9.0,US Geography,7,1,50,1,1,ego,0,0,1,correct
49lqkk00,3,1,3,2,9.0,US Geography,7,1,50,1,1,ego,0,0,1,correct
49lqkk00,4,0,7,2,9.0,US Geography,3,1,50,1,1,ego,0,0,1,correct
49lqkk00,5,1,4,0,9.0,US Geography,6,1,50,1,1,ego,0,0,1,correct
49lqkk00,6,0,2,0,9.0,US Geography,8,1,50,1,1,ego,0,0,1,correct
49lqkk00,7,0,2,0,9.0,US Geography,8,1,50,1,1,ego,0,0,1,correct
49lqkk00,8,2,6,2,9.0,US Geography,4,1,50,1,1,ego,0,0,1,correct
49lqkk00,9,0,6,0,9.0,US Geography,4,1,50,1,1,ego,0,0,1,correct
49lqkk00,10,1,3,0,9.0,US Geography,7,1,50,1,1,ego,0,0,1,correct
49lqkk00,11,0,6,1,9.0,US Geography,4,1,50,1,1,ego,0,0,1,correct
72o8c5bk,1,0,6,2,9.0,US Geography,4,2,100,1,1,ego,1,0,0,over
72o8c5bk,2,1,3,2,9.0,US Geography,7,2,100,1,1,ego,1,0,0,over
72o8c5bk,3,2,3,2,9.0,US Geography,7,2,100,1,1,ego,1,0,0,over
72o8c5bk,4,1,4,1,9.0,US Geography,6,2,100,1,1,ego,1,0,0,over
72o8c5bk,5,2,6,1,9.0,US Geography,4,2,100,1,1,ego,1,0,0,over
72o8c5bk,6,0,2,1,9.0,US Geography,8,2,100,1,1,ego,1,0,0,over
72o8c5bk,7,1,5,2,9.0,US Geography,5,2,100,1,1,ego,1,0,0,over
72o8c5bk,8,2,6,2,9.0,US Geography,4,2,100,1,1,ego,1,0,0,over
72o8c5bk,9,0,6,1,9.0,US Geography,4,2,100,1,1,ego,1,0,0,over
72o8c5bk,10,0,8,0,9.0,US Geography,2,2,100,1,1,ego,1,0,0,over
72o8c5bk,11,0,6,2,9.0,US Geography,4,2,100,1,1,ego,1,0,0,over
78jeza78,1,1,7,1,4.0,US Geography,3,1,50,0,1,ego,1,0,0,over
78jeza78,10,1,5,1,4.0,US Geography,5,1,50,0,1,ego,1,0,0,over
78jeza78,11,1,5,1,4.0,US Geography,5,1,50,0,1,ego,1,0,0,over
78jeza78,2,0,9,0,4.0,US Geography,1,1,50,0,1,ego,1,0,0,over
78jeza78,3,2,5,1,4.0,US Geography,5,1,50,0,1,ego,1,0,0,over
78jeza78,4,2,7,1,4.0,US Geography,3,1,50,0,1,ego,1,0,0,over
78jeza78,5,1,9,1,4.0,US Geography,1,1,50,0,1,ego,1,0,0,over
78jeza78,6,2,7,1,4.0,US Geography,3,1,50,0,1,ego,1,0,0,over
78jeza78,7,1,9,0,4.0,US Geography,1,1,50,0,1,ego,1,0,0,over
78jeza78,8,2,9,1,4.0,US Geography,1,1,50,0,1,ego,1,0,0,over
78jeza78,9,0,8,1,4.0,US Geography,2,1,50,0,1,ego,1,0,0,over
7ebbfqqg,1,2,3,0,12.0,US Geography,7,1,75,1,1,ego,0,0,1,correct
7ebbfqqg,2,2,4,0,12.0,US Geography,6,1,75,1,1,ego,0,0,1,correct
7ebbfqqg,3,1,3,1,12.0,US Geography,7,1,75,1,1,ego,0,0,1,correct
7ebbfqqg,4,1,4,1,12.0,US Geography,6,1,75,1,1,ego,0,0,1,correct
7ebbfqqg,5,1,4,1,12.0,US Geography,6,1,75,1,1,ego,0,0,1,correct
7ebbfqqg,6,1,3,1,12.0,US Geography,7,1,75,1,1,ego,0,0,1,correct
7ebbfqqg,7,1,5,1,12.0,US Geography,5,1,75,1,1,ego,0,0,1,correct
7ebbfqqg,8,1,4,1,12.0,US Geography,6,1,75,1,1,ego,0,0,1,correct
7ebbfqqg,9,1,5,1,12.0,US Geography,5,1,75,1,1,ego,0,0,1,correct
7ebbfqqg,10,1,3,1,12.0,US Geography,7,1,75,1,1,ego,0,0,1,correct
7ebbfqqg,11,1,3,1,12.0,US Geography,7,1,75,1,1,ego,0,0,1,correct
9rpnegmp,1,1,1,1,11.0,US Geography,9,1,50,1,1,ego,0,0,1,correct
9rpnegmp,2,1,3,1,11.0,US Geography,7,1,50,1,1,ego,0,0,1,correct
9rpnegmp,3,1,3,1,11.0,US Geography,7,1,50,1,1,ego,0,0,1,correct
9rpnegmp,4,1,4,1,11.0,US Geography,6,1,50,1,1,ego,0,0,1,correct
9rpnegmp,5,1,4,1,11.0,US Geography,6,1,50,1,1,ego,0,0,1,correct
9rpnegmp,6,1,3,1,11.0,US Geography,7,1,50,1,1,ego,0,0,1,correct
9rpnegmp,7,1,5,2,11.0,US Geography,5,1,50,1,1,ego,0,0,1,correct
9rpnegmp,8,1,4,1,11.0,US Geography,6,1,50,1,1,ego,0,0,1,correct
9rpnegmp,9,1,5,1,11.0,US Geography,5,1,50,1,1,ego,0,0,1,correct
9rpnegmp,10,1,3,1,11.0,US Geography,7,1,50,1,1,ego,0,0,1,correct
9rpnegmp,11,1,3,1,11.0,US Geography,7,1,50,1,1,ego,0,0,1,correct
9w15nflu,1,1,1,1,10.0,US Geography,9,1,33,1,1,ego,0,0,1,correct
9w15nflu,2,2,4,1,10.0,US Geography,6,1,33,1,1,ego,0,0,1,correct
9w15nflu,3,1,3,2,10.0,US Geography,7,1,33,1,1,ego,0,0,1,correct
9w15nflu,4,1,4,2,10.0,US Geography,6,1,33,1,1,ego,0,0,1,correct
9w15nflu,5,2,6,2,10.0,US Geography,4,1,33,1,1,ego,0,0,1,correct
9w15nflu,6,1,3,2,10.0,US Geography,7,1,33,1,1,ego,0,0,1,correct
9w15nflu,7,2,6,2,10.0,US Geography,4,1,33,1,1,ego,0,0,1,correct
9w15nflu,8,1,4,2,10.0,US Geography,6,1,33,1,1,ego,0,0,1,correct
9w15nflu,9,1,5,2,10.0,US Geography,5,1,33,1,1,ego,0,0,1,correct
9w15nflu,10,1,3,2,10.0,US Geography,7,1,33,1,1,ego,0,0,1,correct
9w15nflu,11,2,5,2,10.0,US Geography,5,1,33,1,1,ego,0,0,1,correct
bj048c8i,1,1,1,1,11.0,US Geography,9,1,75,1,1,ego,0,0,1,correct
bj048c8i,2,1,3,1,11.0,US Geography,7,1,75,1,1,ego,0,0,1,correct
bj048c8i,3,1,3,1,11.0,US Geography,7,1,75,1,1,ego,0,0,1,correct
bj048c8i,4,1,4,1,11.0,US Geography,6,1,75,1,1,ego,0,0,1,correct
bj048c8i,5,1,4,1,11.0,US Geography,6,1,75,1,1,ego,0,0,1,correct
bj048c8i,6,2,4,1,11.0,US Geography,6,1,75,1,1,ego,0,0,1,correct
bj048c8i,7,1,5,1,11.0,US Geography,5,1,75,1,1,ego,0,0,1,correct
bj048c8i,8,0,5,1,11.0,US Geography,5,1,75,1,1,ego,0,0,1,correct
bj048c8i,9,1,5,1,11.0,US Geography,5,1,75,1,1,ego,0,0,1,correct
bj048c8i,10,0,8,2,11.0,US Geography,2,1,75,1,1,ego,0,0,1,correct
bj048c8i,11,1,3,1,11.0,US Geography,7,1,75,1,1,ego,0,0,1,correct
d37p2ydy,1,0,6,1,9.0,US Geography,4,1,33,1,1,ego,0,0,1,correct
d37p2ydy,2,1,3,1,9.0,US Geography,7,1,33,1,1,ego,0,0,1,correct
d37p2ydy,3,2,3,2,9.0,US Geography,7,1,33,1,1,ego,0,0,1,correct
d37p2ydy,4,2,9,2,9.0,US Geography,1,1,33,1,1,ego,0,0,1,correct
d37p2ydy,5,1,4,2,9.0,US Geography,6,1,33,1,1,ego,0,0,1,correct
d37p2ydy,6,0,2,2,9.0,US Geography,8,1,33,1,1,ego,0,0,1,correct
d37p2ydy,7,0,2,2,9.0,US Geography,8,1,33,1,1,ego,0,0,1,correct
d37p2ydy,8,0,5,2,9.0,US Geography,5,1,33,1,1,ego,0,0,1,correct
d37p2ydy,9,0,6,2,9.0,US Geography,4,1,33,1,1,ego,0,0,1,correct
d37p2ydy,10,2,3,2,9.0,US Geography,7,1,33,1,1,ego,0,0,1,correct
d37p2ydy,11,2,5,2,9.0,US Geography,5,1,33,1,1,ego,0,0,1,correct
dxfg6c2i,1,1,1,2,11.0,US Geography,9,1,75,1,1,ego,0,0,1,correct
dxfg6c2i,2,0,4,1,11.0,US Geography,6,1,75,1,1,ego,0,0,1,correct
dxfg6c2i,3,1,3,2,11.0,US Geography,7,1,75,1,1,ego,0,0,1,correct
dxfg6c2i,4,0,7,1,11.0,US Geography,3,1,75,1,1,ego,0,0,1,correct
dxfg6c2i,5,2,6,1,11.0,US Geography,4,1,75,1,1,ego,0,0,1,correct
dxfg6c2i,6,1,3,2,11.0,US Geography,7,1,75,1,1,ego,0,0,1,correct
dxfg6c2i,7,1,5,1,11.0,US Geography,5,1,75,1,1,ego,0,0,1,correct
dxfg6c2i,8,0,5,2,11.0,US Geography,5,1,75,1,1,ego,0,0,1,correct
dxfg6c2i,9,2,5,0,11.0,US Geography,5,1,75,1,1,ego,0,0,1,correct
dxfg6c2i,10,2,3,2,11.0,US Geography,7,1,75,1,1,ego,0,0,1,correct
dxfg6c2i,11,1,3,2,11.0,US Geography,7,1,75,1,1,ego,0,0,1,correct
hp19zqeh,1,0,9,0,5.0,US Geography,1,0,33,0,1,ego,0,0,1,correct
hp19zqeh,2,1,8,0,5.0,US Geography,2,0,33,0,1,ego,0,0,1,correct
hp19zqeh,3,2,5,0,5.0,US Geography,5,0,33,0,1,ego,0,0,1,correct
hp19zqeh,4,2,7,0,5.0,US Geography,3,0,33,0,1,ego,0,0,1,correct
hp19zqeh,5,2,9,0,5.0,US Geography,1,0,33,0,1,ego,0,0,1,correct
hp19zqeh,6,1,7,1,5.0,US Geography,3,0,33,0,1,ego,0,0,1,correct
hp19zqeh,7,0,5,1,5.0,US Geography,5,0,33,0,1,ego,0,0,1,correct
hp19zqeh,8,1,7,2,5.0,US Geography,3,0,33,0,1,ego,0,0,1,correct
hp19zqeh,9,0,8,2,5.0,US Geography,2,0,33,0,1,ego,0,0,1,correct
hp19zqeh,10,0,9,2,5.0,US Geography,1,0,33,0,1,ego,0,0,1,correct
hp19zqeh,11,1,5,1,5.0,US Geography,5,0,33,0,1,ego,0,0,1,correct
inak0r18,1,1,1,1,6.0,US Geography,9,1,75,1,1,ego,0,0,1,correct
inak0r18,2,2,4,1,6.0,US Geography,6,1,75,1,1,ego,0,0,1,correct
inak0r18,3,0,4,1,6.0,US Geography,6,1,75,1,1,ego,0,0,1,correct
inak0r18,4,2,9,2,6.0,US Geography,1,1,75,1,1,ego,0,0,1,correct
inak0r18,5,0,8,1,6.0,US Geography,2,1,75,1,1,ego,0,0,1,correct
inak0r18,6,1,3,2,6.0,US Geography,7,1,75,1,1,ego,0,0,1,correct
inak0r18,7,0,2,0,6.0,US Geography,8,1,75,1,1,ego,0,0,1,correct
inak0r18,8,1,4,0,6.0,US Geography,6,1,75,1,1,ego,0,0,1,correct
inak0r18,9,2,5,0,6.0,US Geography,5,1,75,1,1,ego,0,0,1,correct
inak0r18,10,2,3,2,6.0,US Geography,7,1,75,1,1,ego,0,0,1,correct
inak0r18,11,0,6,1,6.0,US Geography,4,1,75,1,1,ego,0,0,1,correct
j6ftwuzj,1,0,9,0,5.0,US Geography,1,0,33,0,1,ego,0,0,1,correct
j6ftwuzj,10,0,9,2,5.0,US Geography,1,0,33,0,1,ego,0,0,1,correct
j6ftwuzj,11,0,6,0,5.0,US Geography,4,0,33,0,1,ego,0,0,1,correct
j6ftwuzj,2,0,9,0,5.0,US Geography,1,0,33,0,1,ego,0,0,1,correct
j6ftwuzj,3,0,8,1,5.0,US Geography,2,0,33,0,1,ego,0,0,1,correct
j6ftwuzj,4,2,7,1,5.0,US Geography,3,0,33,0,1,ego,0,0,1,correct
j6ftwuzj,5,2,9,2,5.0,US Geography,1,0,33,0,1,ego,0,0,1,correct
j6ftwuzj,6,2,7,1,5.0,US Geography,3,0,33,0,1,ego,0,0,1,correct
j6ftwuzj,7,1,9,1,5.0,US Geography,1,0,33,0,1,ego,0,0,1,correct
j6ftwuzj,8,1,7,0,5.0,US Geography,3,0,33,0,1,ego,0,0,1,correct
j6ftwuzj,9,1,8,0,5.0,US Geography,2,0,33,0,1,ego,0,0,1,correct
p1b4dbgv,1,2,3,2,8.0,US Geography,7,1,75,1,1,ego,0,0,1,correct
p1b4dbgv,2,2,4,2,8.0,US Geography,6,1,75,1,1,ego,0,0,1,correct
p1b4dbgv,3,2,3,2,8.0,US Geography,7,1,75,1,1,ego,0,0,1,correct
p1b4dbgv,4,2,9,2,8.0,US Geography,1,1,75,1,1,ego,0,0,1,correct
p1b4dbgv,5,1,4,2,8.0,US Geography,6,1,75,1,1,ego,0,0,1,correct
p1b4dbgv,6,0,2,2,8.0,US Geography,8,1,75,1,1,ego,0,0,1,correct
p1b4dbgv,7,0,2,2,8.0,US Geography,8,1,75,1,1,ego,0,0,1,correct
p1b4dbgv,8,1,4,2,8.0,US Geography,6,1,75,1,1,ego,0,0,1,correct
p1b4dbgv,9,1,5,2,8.0,US Geography,5,1,75,1,1,ego,0,0,1,correct
p1b4dbgv,10,0,8,2,8.0,US Geography,2,1,75,1,1,ego,0,0,1,correct
p1b4dbgv,11,2,5,2,8.0,US Geography,5,1,75,1,1,ego,0,0,1,correct
q9icrsb2,1,0,9,0,4.0,US Geography,1,0,33,0,1,ego,0,0,1,correct
q9icrsb2,10,0,9,0,4.0,US Geography,1,0,33,0,1,ego,0,0,1,correct
q9icrsb2,11,2,6,2,4.0,US Geography,4,0,33,0,1,ego,0,0,1,correct
q9icrsb2,2,2,5,0,4.0,US Geography,5,0,33,0,1,ego,0,0,1,correct
q9icrsb2,3,1,6,0,4.0,US Geography,4,0,33,0,1,ego,0,0,1,correct
q9icrsb2,4,2,7,0,4.0,US Geography,3,0,33,0,1,ego,0,0,1,correct
q9icrsb2,5,1,9,1,4.0,US Geography,1,0,33,0,1,ego,0,0,1,correct
q9icrsb2,6,2,7,0,4.0,US Geography,3,0,33,0,1,ego,0,0,1,correct
q9icrsb2,7,1,9,0,4.0,US Geography,1,0,33,0,1,ego,0,0,1,correct
q9icrsb2,8,2,9,0,4.0,US Geography,1,0,33,0,1,ego,0,0,1,correct
q9icrsb2,9,2,10,0,4.0,US Geography,0,0,33,0,1,ego,0,0,1,correct
szq917jn,1,1,1,1,6.0,US Geography,9,1,100,1,1,ego,0,0,1,correct
szq917jn,2,0,4,1,6.0,US Geography,6,1,100,1,1,ego,0,0,1,correct
szq917jn,3,2,3,1,6.0,US Geography,7,1,100,1,1,ego,0,0,1,correct
szq917jn,4,0,7,2,6.0,US Geography,3,1,100,1,1,ego,0,0,1,correct
szq917jn,5,2,6,0,6.0,US Geography,4,1,100,1,1,ego,0,0,1,correct
szq917jn,6,1,3,1,6.0,US Geography,7,1,100,1,1,ego,0,0,1,correct
szq917jn,7,2,6,1,6.0,US Geography,4,1,100,1,1,ego,0,0,1,correct
szq917jn,8,0,5,1,6.0,US Geography,5,1,100,1,1,ego,0,0,1,correct
szq917jn,9,1,5,2,6.0,US Geography,5,1,100,1,1,ego,0,0,1,correct
szq917jn,10,1,3,2,6.0,US Geography,7,1,100,1,1,ego,0,0,1,correct
szq917jn,11,0,6,2,6.0,US Geography,4,1,100,1,1,ego,0,0,1,correct
xvmd7coq,1,1,1,1,7.0,US Geography,9,1,75,1,1,ego,0,0,1,correct
xvmd7coq,2,1,3,1,7.0,US Geography,7,1,75,1,1,ego,0,0,1,correct
xvmd7coq,3,1,3,1,7.0,US Geography,7,1,75,1,1,ego,0,0,1,correct
xvmd7coq,4,1,4,1,7.0,US Geography,6,1,75,1,1,ego,0,0,1,correct
xvmd7coq,5,1,4,1,7.0,US Geography,6,1,75,1,1,ego,0,0,1,correct
xvmd7coq,6,1,3,1,7.0,US Geography,7,1,75,1,1,ego,0,0,1,correct
xvmd7coq,7,1,5,1,7.0,US Geography,5,1,75,1,1,ego,0,0,1,correct
xvmd7coq,8,1,4,1,7.0,US Geography,6,1,75,1,1,ego,0,0,1,correct
xvmd7coq,9,1,5,1,7.0,US Geography,5,1,75,1,1,ego,0,0,1,correct
xvmd7coq,10,1,3,1,7.0,US Geography,7,1,75,1,1,ego,0,0,1,correct
xvmd7coq,11,1,3,1,7.0,US Geography,7,1,75,1,1,ego,0,0,1,correct
z6bycrw5,1,1,1,0,7.0,US Geography,9,0,33,1,1,ego,0,1,0,under
z6bycrw5,2,2,4,0,7.0,US Geography,6,0,33,1,1,ego,0,1,0,under
z6bycrw5,3,0,4,0,7.0,US Geography,6,0,33,1,1,ego,0,1,0,under
z6bycrw5,4,1,4,1,7.0,US Geography,6,0,33,1,1,ego,0,1,0,under
z6bycrw5,5,0,8,1,7.0,US Geography,2,0,33,1,1,ego,0,1,0,under
z6bycrw5,6,2,4,1,7.0,US Geography,6,0,33,1,1,ego,0,1,0,under
z6bycrw5,7,1,5,0,7.0,US Geography,5,0,33,1,1,ego,0,1,0,under
z6bycrw5,8,2,6,0,7.0,US Geography,4,0,33,1,1,ego,0,1,0,under
z6bycrw5,9,0,6,0,7.0,US Geography,4,0,33,1,1,ego,0,1,0,under
z6bycrw5,10,1,3,1,7.0,US Geography,7,0,33,1,1,ego,0,1,0,under
z6bycrw5,11,1,3,1,7.0,US Geography,7,0,33,1,1,ego,0,1,0,under
